"","EVTYPE","YEAR","FATALITIES","INJURIES"
"1","   HIGH SURF ADVISORY",2001,0,0
"2"," COASTAL FLOOD",1996,0,0
"3"," FLASH FLOOD",2000,0,0
"4"," LIGHTNING",1998,0,0
"5"," TSTM WIND",1997,0,0
"6"," TSTM WIND",1999,0,0
"7"," TSTM WIND",2000,0,0
"8"," TSTM WIND (G45)",1998,0,0
"9"," WATERSPOUT",2001,0,0
"10"," WIND",1999,0,0
"11","?",1994,0,0
"12","ABNORMAL WARMTH",1998,0,0
"13","ABNORMALLY DRY",2001,0,0
"14","ABNORMALLY DRY",2003,0,0
"15","ABNORMALLY WET",2002,0,0
"16","ACCUMULATED SNOWFALL",2001,0,0
"17","AGRICULTURAL FREEZE",1995,0,0
"18","AGRICULTURAL FREEZE",1997,0,0
"19","APACHE COUNTY",1994,0,0
"20","ASTRONOMICAL HIGH TIDE",2002,0,0
"21","ASTRONOMICAL HIGH TIDE",2003,0,0
"22","ASTRONOMICAL HIGH TIDE",2004,0,0
"23","ASTRONOMICAL HIGH TIDE",2005,0,0
"24","ASTRONOMICAL LOW TIDE",2007,0,0
"25","ASTRONOMICAL LOW TIDE",2008,0,0
"26","ASTRONOMICAL LOW TIDE",2009,0,0
"27","ASTRONOMICAL LOW TIDE",2010,0,0
"28","ASTRONOMICAL LOW TIDE",2011,0,0
"29","AVALANCE",1993,1,0
"30","AVALANCHE",1993,0,0
"31","AVALANCHE",1994,1,11
"32","AVALANCHE",1995,0,3
"33","AVALANCHE",1996,5,5
"34","AVALANCHE",1997,4,0
"35","AVALANCHE",1998,9,15
"36","AVALANCHE",1999,26,10
"37","AVALANCHE",2000,16,17
"38","AVALANCHE",2001,18,6
"39","AVALANCHE",2002,18,11
"40","AVALANCHE",2003,10,7
"41","AVALANCHE",2004,12,6
"42","AVALANCHE",2005,11,16
"43","AVALANCHE",2006,13,6
"44","AVALANCHE",2007,18,12
"45","AVALANCHE",2008,25,14
"46","AVALANCHE",2009,7,3
"47","AVALANCHE",2010,22,20
"48","AVALANCHE",2011,9,8
"49","BEACH EROSIN",1995,0,0
"50","Beach Erosion",1996,0,0
"51","BEACH EROSION",1998,0,0
"52","BEACH EROSION",1999,0,0
"53","BEACH EROSION",2001,0,0
"54","BEACH EROSION/COASTAL FLOOD",1995,0,0
"55","BEACH FLOOD",1995,0,0
"56","BELOW NORMAL PRECIPITATION",1995,0,0
"57","BITTER WIND CHILL",1998,0,0
"58","BITTER WIND CHILL TEMPERATURES",1998,0,0
"59","Black Ice",1996,0,0
"60","Black Ice",1997,0,0
"61","BLACK ICE",1997,1,24
"62","BLACK ICE",1998,0,0
"63","BLACK ICE",2000,0,0
"64","BLACK ICE",2001,0,0
"65","BLACK ICE",2002,0,0
"66","BLIZZARD",1993,30,416
"67","BLIZZARD",1994,0,4
"68","BLIZZARD",1995,1,0
"69","BLIZZARD",1996,23,170
"70","BLIZZARD",1997,26,168
"71","BLIZZARD",1998,2,19
"72","BLIZZARD",1999,0,5
"73","BLIZZARD",2000,1,0
"74","BLIZZARD",2001,4,5
"75","BLIZZARD",2002,4,7
"76","BLIZZARD",2003,0,4
"77","BLIZZARD",2004,1,4
"78","BLIZZARD",2005,1,2
"79","BLIZZARD",2006,1,0
"80","BLIZZARD",2007,0,0
"81","BLIZZARD",2008,2,0
"82","BLIZZARD",2009,3,1
"83","BLIZZARD",2010,0,0
"84","BLIZZARD",2011,2,0
"85","BLIZZARD AND EXTREME WIND CHIL",1995,0,0
"86","BLIZZARD AND HEAVY SNOW",1995,0,0
"87","Blizzard Summary",1997,0,0
"88","BLIZZARD WEATHER",1995,0,0
"89","BLIZZARD/FREEZING RAIN",1994,0,0
"90","BLIZZARD/HEAVY SNOW",1994,0,0
"91","BLIZZARD/HEAVY SNOW",1995,0,0
"92","BLIZZARD/HIGH WIND",1994,0,0
"93","BLIZZARD/WINTER STORM",1993,0,0
"94","BLOW-OUT TIDE",1997,0,0
"95","BLOW-OUT TIDES",1997,0,0
"96","BLOWING DUST",1994,0,0
"97","BLOWING DUST",2001,0,0
"98","blowing snow",1996,0,0
"99","blowing snow",1997,1,1
"100","Blowing Snow",1996,0,0
"101","Blowing Snow",1997,0,0
"102","BLOWING SNOW",1993,0,0
"103","BLOWING SNOW",1994,0,0
"104","BLOWING SNOW",1995,1,13
"105","BLOWING SNOW- EXTREME WIND CHI",1995,0,0
"106","BLOWING SNOW & EXTREME WIND CH",1995,0,0
"107","BLOWING SNOW/EXTREME WIND CHIL",1995,0,0
"108","BREAKUP FLOODING",1995,0,0
"109","BRUSH FIRE",1994,0,0
"110","BRUSH FIRE",2001,0,2
"111","BRUSH FIRES",1995,0,0
"112","COASTAL  FLOODING/EROSION",1998,0,0
"113","COASTAL EROSION",1998,0,0
"114","Coastal Flood",1996,0,0
"115","Coastal Flood",1997,0,0
"116","COASTAL FLOOD",1993,0,0
"117","COASTAL FLOOD",1994,0,0
"118","COASTAL FLOOD",1995,0,0
"119","COASTAL FLOOD",1996,0,0
"120","COASTAL FLOOD",1997,0,0
"121","COASTAL FLOOD",1998,0,0
"122","COASTAL FLOOD",2000,0,0
"123","COASTAL FLOOD",2002,0,0
"124","COASTAL FLOOD",2005,0,1
"125","COASTAL FLOOD",2006,0,0
"126","COASTAL FLOOD",2007,0,0
"127","COASTAL FLOOD",2008,2,0
"128","COASTAL FLOOD",2009,0,0
"129","COASTAL FLOOD",2010,0,0
"130","COASTAL FLOOD",2011,1,1
"131","coastal flooding",1996,0,0
"132","Coastal Flooding",1996,2,0
"133","COASTAL FLOODING",1993,0,0
"134","COASTAL FLOODING",1994,0,0
"135","COASTAL FLOODING",1995,0,0
"136","COASTAL FLOODING",1996,0,0
"137","COASTAL FLOODING",1997,0,0
"138","COASTAL FLOODING",1998,0,0
"139","COASTAL FLOODING",1999,0,0
"140","COASTAL FLOODING",2000,0,0
"141","COASTAL FLOODING",2001,1,0
"142","COASTAL FLOODING",2002,0,0
"143","COASTAL FLOODING",2003,0,0
"144","COASTAL FLOODING/EROSION",1998,0,5
"145","COASTAL FLOODING/EROSION",1999,0,0
"146","Coastal Storm",1996,0,1
"147","COASTAL STORM",1996,2,1
"148","COASTAL STORM",1997,1,0
"149","COASTAL SURGE",1993,0,0
"150","COASTAL SURGE",1994,0,0
"151","COASTAL/TIDAL FLOOD",1993,0,0
"152","COASTALFLOOD",1996,0,0
"153","COASTALSTORM",1997,1,0
"154","Cold",1996,2,0
"155","Cold",1997,1,0
"156","COLD",1993,6,0
"157","COLD",1994,4,3
"158","COLD",1995,10,33
"159","COLD",1996,1,0
"160","COLD",1997,1,0
"161","COLD",1998,5,12
"162","COLD",1999,0,0
"163","COLD",2000,8,0
"164","COLD",2001,0,0
"165","COLD",2002,0,0
"166","COLD AIR FUNNEL",1994,0,0
"167","COLD AIR FUNNEL",1995,0,0
"168","COLD AIR FUNNELS",1993,0,0
"169","COLD AIR FUNNELS",1995,0,0
"170","COLD AIR TORNADO",1994,0,0
"171","Cold and Frost",1997,0,0
"172","COLD AND FROST",1997,0,0
"173","COLD AND SNOW",1997,14,0
"174","COLD AND WET CONDITIONS",1995,0,0
"175","Cold Temperature",1996,2,0
"176","COLD TEMPERATURES",1998,0,0
"177","COLD WAVE",1995,3,0
"178","COLD WEATHER",1995,3,0
"179","COLD WEATHER",2002,2,0
"180","COLD WIND CHILL TEMPERATURES",1998,0,0
"181","COLD WIND CHILL TEMPERATURES",2003,0,0
"182","COLD/WIND CHILL",2005,0,0
"183","COLD/WIND CHILL",2006,2,0
"184","COLD/WIND CHILL",2007,4,10
"185","COLD/WIND CHILL",2008,31,0
"186","COLD/WIND CHILL",2009,11,0
"187","COLD/WIND CHILL",2010,26,1
"188","COLD/WIND CHILL",2011,21,1
"189","COLD/WINDS",1993,1,0
"190","COOL AND WET",1993,0,0
"191","COOL SPELL",1999,0,0
"192","CSTL FLOODING/EROSION",2001,0,0
"193","DAM BREAK",1997,0,0
"194","DAM BREAK",2000,0,0
"195","DAM FAILURE",1995,0,0
"196","Damaging Freeze",1996,0,0
"197","DAMAGING FREEZE",1995,0,0
"198","DAMAGING FREEZE",1996,0,0
"199","DEEP HAIL",1995,0,0
"200","DENSE FOG",1993,5,13
"201","DENSE FOG",1994,3,53
"202","DENSE FOG",1995,1,133
"203","DENSE FOG",1997,0,0
"204","DENSE FOG",1998,0,0
"205","DENSE FOG",2000,0,0
"206","DENSE FOG",2001,0,0
"207","DENSE FOG",2002,0,0
"208","DENSE FOG",2003,5,43
"209","DENSE FOG",2004,1,45
"210","DENSE FOG",2005,0,12
"211","DENSE FOG",2006,3,40
"212","DENSE FOG",2007,0,3
"213","DENSE FOG",2008,0,0
"214","DENSE FOG",2009,0,0
"215","DENSE FOG",2010,0,0
"216","DENSE FOG",2011,0,0
"217","DENSE SMOKE",2006,0,0
"218","DENSE SMOKE",2007,0,0
"219","DENSE SMOKE",2008,0,0
"220","DENSE SMOKE",2009,0,0
"221","DENSE SMOKE",2010,0,0
"222","DENSE SMOKE",2011,0,0
"223","DOWNBURST",1995,0,0
"224","DOWNBURST",1996,0,0
"225","DOWNBURST WINDS",1995,0,0
"226","DRIEST MONTH",1999,0,0
"227","Drifting Snow",1996,0,0
"228","DROUGHT",1993,0,0
"229","DROUGHT",1994,0,0
"230","DROUGHT",1995,0,0
"231","DROUGHT",1996,0,0
"232","DROUGHT",1997,0,0
"233","DROUGHT",1998,0,0
"234","DROUGHT",1999,0,0
"235","DROUGHT",2000,0,0
"236","DROUGHT",2001,0,0
"237","DROUGHT",2002,0,0
"238","DROUGHT",2003,0,0
"239","DROUGHT",2004,0,0
"240","DROUGHT",2005,0,0
"241","DROUGHT",2006,0,4
"242","DROUGHT",2007,0,0
"243","DROUGHT",2008,0,0
"244","DROUGHT",2009,0,0
"245","DROUGHT",2010,0,0
"246","DROUGHT",2011,0,0
"247","DROUGHT/EXCESSIVE HEAT",1995,2,0
"248","DROWNING",2002,1,0
"249","DRY",1994,0,0
"250","DRY",1999,0,0
"251","DRY",2000,0,0
"252","DRY",2001,0,0
"253","DRY",2002,0,0
"254","DRY CONDITIONS",1999,0,0
"255","DRY CONDITIONS",2001,0,0
"256","DRY HOT WEATHER",1993,0,0
"257","DRY MICROBURST",1994,0,0
"258","DRY MICROBURST",1995,0,3
"259","DRY MICROBURST",1996,1,0
"260","DRY MICROBURST",1997,0,1
"261","DRY MICROBURST",1998,0,5
"262","DRY MICROBURST",1999,0,0
"263","DRY MICROBURST",2000,0,13
"264","DRY MICROBURST",2001,1,0
"265","DRY MICROBURST",2002,1,6
"266","DRY MICROBURST 50",1995,0,0
"267","DRY MICROBURST 53",1995,0,0
"268","DRY MICROBURST 58",1995,0,0
"269","DRY MICROBURST 61",1995,0,0
"270","DRY MICROBURST 84",1995,0,0
"271","DRY MICROBURST WINDS",1994,0,0
"272","DRY MICROBURST WINDS",1995,0,0
"273","DRY MIRCOBURST WINDS",1994,0,1
"274","DRY PATTERN",1994,0,0
"275","DRY SPELL",1997,0,0
"276","DRY SPELL",2000,0,0
"277","DRY SPELL",2001,0,0
"278","DRY WEATHER",1998,0,0
"279","DRYNESS",1999,0,0
"280","DUST DEVEL",2001,0,0
"281","Dust Devil",1996,0,1
"282","Dust Devil",1997,0,0
"283","DUST DEVIL",1993,0,0
"284","DUST DEVIL",1994,0,0
"285","DUST DEVIL",1995,0,4
"286","DUST DEVIL",1996,0,0
"287","DUST DEVIL",1997,0,2
"288","DUST DEVIL",1998,0,0
"289","DUST DEVIL",1999,0,0
"290","DUST DEVIL",2000,0,0
"291","DUST DEVIL",2001,0,1
"292","DUST DEVIL",2002,0,1
"293","DUST DEVIL",2003,1,3
"294","DUST DEVIL",2004,0,5
"295","DUST DEVIL",2005,0,0
"296","DUST DEVIL",2006,0,1
"297","DUST DEVIL",2007,0,0
"298","DUST DEVIL",2008,1,14
"299","DUST DEVIL",2009,0,3
"300","DUST DEVIL",2010,0,0
"301","DUST DEVIL",2011,0,8
"302","DUST DEVIL WATERSPOUT",1995,0,0
"303","DUST STORM",1993,0,1
"304","DUST STORM",1994,1,19
"305","DUST STORM",1995,10,44
"306","DUST STORM",1996,0,28
"307","DUST STORM",1997,0,36
"308","DUST STORM",1998,0,20
"309","DUST STORM",1999,1,49
"310","DUST STORM",2000,1,29
"311","DUST STORM",2001,0,5
"312","DUST STORM",2002,2,45
"313","DUST STORM",2003,2,91
"314","DUST STORM",2004,0,11
"315","DUST STORM",2005,0,32
"316","DUST STORM",2006,2,22
"317","DUST STORM",2007,0,4
"318","DUST STORM",2008,0,0
"319","DUST STORM",2009,3,0
"320","DUST STORM",2010,0,0
"321","DUST STORM",2011,0,4
"322","DUST STORM/HIGH WINDS",1994,0,0
"323","DUSTSTORM",1994,0,0
"324","EARLY FREEZE",1993,0,0
"325","Early Frost",1996,0,0
"326","EARLY FROST",1993,0,0
"327","EARLY RAIN",1998,0,0
"328","EARLY SNOW",1995,0,0
"329","Early snowfall",1996,0,0
"330","EARLY SNOWFALL",1999,0,0
"331","EARLY SNOWFALL",2002,0,0
"332","Erosion/Cstl Flood",1996,0,0
"333","EXCESSIVE",1995,0,0
"334","Excessive Cold",1996,0,0
"335","EXCESSIVE HEAT",1994,0,0
"336","EXCESSIVE HEAT",1995,106,134
"337","EXCESSIVE HEAT",1996,36,59
"338","EXCESSIVE HEAT",1997,80,530
"339","EXCESSIVE HEAT",1998,168,633
"340","EXCESSIVE HEAT",1999,500,1461
"341","EXCESSIVE HEAT",2000,157,466
"342","EXCESSIVE HEAT",2001,165,445
"343","EXCESSIVE HEAT",2002,167,378
"344","EXCESSIVE HEAT",2003,36,174
"345","EXCESSIVE HEAT",2004,6,74
"346","EXCESSIVE HEAT",2005,158,298
"347","EXCESSIVE HEAT",2006,205,993
"348","EXCESSIVE HEAT",2007,22,536
"349","EXCESSIVE HEAT",2008,15,131
"350","EXCESSIVE HEAT",2009,7,12
"351","EXCESSIVE HEAT",2010,39,63
"352","EXCESSIVE HEAT",2011,36,138
"353","EXCESSIVE HEAT/DROUGHT",2001,0,0
"354","EXCESSIVE PRECIPITATION",1994,0,0
"355","EXCESSIVE RAIN",1994,0,0
"356","EXCESSIVE RAIN",1997,0,0
"357","EXCESSIVE RAIN",1998,0,0
"358","EXCESSIVE RAINFALL",1995,2,21
"359","EXCESSIVE RAINFALL",1999,0,0
"360","EXCESSIVE SNOW",1999,0,2
"361","EXCESSIVE WETNESS",1995,0,0
"362","EXCESSIVELY DRY",1999,0,0
"363","Extended Cold",1996,1,0
"364","Extreme Cold",1996,2,0
"365","EXTREME COLD",1993,10,1
"366","EXTREME COLD",1994,24,150
"367","EXTREME COLD",1995,13,1
"368","EXTREME COLD",1996,48,29
"369","EXTREME COLD",1997,23,3
"370","EXTREME COLD",1998,6,15
"371","EXTREME COLD",1999,7,32
"372","EXTREME COLD",2000,12,0
"373","EXTREME COLD",2001,4,0
"374","EXTREME COLD",2002,8,0
"375","EXTREME COLD",2003,5,0
"376","EXTREME COLD/WIND CHILL",2002,1,0
"377","EXTREME COLD/WIND CHILL",2003,14,14
"378","EXTREME COLD/WIND CHILL",2004,27,2
"379","EXTREME COLD/WIND CHILL",2005,24,1
"380","EXTREME COLD/WIND CHILL",2006,8,5
"381","EXTREME COLD/WIND CHILL",2007,23,1
"382","EXTREME COLD/WIND CHILL",2008,8,0
"383","EXTREME COLD/WIND CHILL",2009,17,0
"384","EXTREME COLD/WIND CHILL",2010,1,0
"385","EXTREME COLD/WIND CHILL",2011,2,1
"386","EXTREME HEAT",1994,5,0
"387","EXTREME HEAT",1995,91,155
"388","EXTREME WIND CHILL",1995,0,0
"389","EXTREME WIND CHILL",1999,0,0
"390","EXTREME WIND CHILL/BLOWING SNO",1995,0,0
"391","EXTREME WIND CHILLS",1995,0,0
"392","EXTREME WINDCHILL",1996,6,2
"393","EXTREME WINDCHILL",1997,4,3
"394","EXTREME WINDCHILL",1998,0,0
"395","EXTREME WINDCHILL",1999,0,0
"396","EXTREME WINDCHILL",2000,6,0
"397","EXTREME WINDCHILL",2001,0,0
"398","EXTREME WINDCHILL",2002,0,0
"399","EXTREME WINDCHILL",2003,1,0
"400","EXTREME WINDCHILL TEMPERATURES",1999,0,0
"401","EXTREME WINDCHILL TEMPERATURES",2000,0,0
"402","EXTREME WINDCHILL TEMPERATURES",2001,0,0
"403","EXTREME/RECORD COLD",1995,0,0
"404","EXTREMELY WET",2001,0,0
"405","FALLING SNOW/ICE",2001,1,1
"406","FIRST FROST",1999,0,0
"407","FIRST SNOW",1994,0,0
"408","FIRST SNOW",1995,0,0
"409","FIRST SNOW",2002,0,0
"410","FLASH FLOOD",1993,27,23
"411","FLASH FLOOD",1994,17,20
"412","FLASH FLOOD",1995,47,60
"413","FLASH FLOOD",1996,92,44
"414","FLASH FLOOD",1997,76,233
"415","FLASH FLOOD",1998,70,304
"416","FLASH FLOOD",1999,49,281
"417","FLASH FLOOD",2000,27,32
"418","FLASH FLOOD",2001,34,263
"419","FLASH FLOOD",2002,32,71
"420","FLASH FLOOD",2003,69,61
"421","FLASH FLOOD",2004,58,29
"422","FLASH FLOOD",2005,28,22
"423","FLASH FLOOD",2006,59,18
"424","FLASH FLOOD",2007,70,51
"425","FLASH FLOOD",2008,55,30
"426","FLASH FLOOD",2009,33,17
"427","FLASH FLOOD",2010,67,188
"428","FLASH FLOOD",2011,68,30
"429","FLASH FLOOD - HEAVY RAIN",1995,0,0
"430","FLASH FLOOD FROM ICE JAMS",1994,0,0
"431","FLASH FLOOD LANDSLIDES",1993,0,0
"432","FLASH FLOOD WINDS",1995,0,0
"433","FLASH FLOOD/",1993,0,0
"434","FLASH FLOOD/ FLOOD",1995,0,0
"435","FLASH FLOOD/ STREET",1995,0,0
"436","FLASH FLOOD/FLOOD",1993,0,0
"437","FLASH FLOOD/FLOOD",1994,14,0
"438","FLASH FLOOD/FLOOD",1995,0,0
"439","FLASH FLOOD/FLOOD",1999,0,0
"440","FLASH FLOOD/HEAVY RAIN",1995,0,0
"441","FLASH FLOOD/LANDSLIDE",1994,0,0
"442","FLASH FLOODING",1993,0,0
"443","FLASH FLOODING",1994,13,6
"444","FLASH FLOODING",1995,6,2
"445","FLASH FLOODING",1999,0,0
"446","FLASH FLOODING/FLOOD",1994,5,0
"447","FLASH FLOODING/THUNDERSTORM WI",1994,0,0
"448","FLASH FLOODS",1993,1,0
"449","FLASH FLOODS",1994,0,0
"450","FLASH FLOODS",1995,1,0
"451","FLASH FLOOODING",1994,0,0
"452","Flood",1996,0,0
"453","FLOOD",1993,20,11
"454","FLOOD",1994,27,9
"455","FLOOD",1995,9,11
"456","FLOOD",1996,33,18
"457","FLOOD",1997,39,286
"458","FLOOD",1998,60,6130
"459","FLOOD",1999,16,9
"460","FLOOD",2000,6,6
"461","FLOOD",2001,13,8
"462","FLOOD",2002,10,5
"463","FLOOD",2003,18,5
"464","FLOOD",2004,24,99
"465","FLOOD",2005,15,16
"466","FLOOD",2006,19,5
"467","FLOOD",2007,17,8
"468","FLOOD",2008,22,16
"469","FLOOD",2009,23,10
"470","FLOOD",2010,41,127
"471","FLOOD",2011,58,10
"472","FLOOD & HEAVY RAIN",1995,1,0
"473","FLOOD FLASH",1994,0,0
"474","FLOOD FLOOD/FLASH",1995,0,0
"475","FLOOD WATCH/",1993,0,0
"476","FLOOD/FLASH",1995,0,0
"477","Flood/Flash Flood",1996,0,0
"478","FLOOD/FLASH FLOOD",1993,0,7
"479","FLOOD/FLASH FLOOD",1994,7,5
"480","FLOOD/FLASH FLOOD",1995,10,3
"481","FLOOD/FLASH FLOODING",1994,0,0
"482","FLOOD/FLASH/FLOOD",1999,0,0
"483","FLOOD/FLASHFLOOD",1993,0,0
"484","FLOOD/RAIN/WIND",1995,0,0
"485","FLOOD/RAIN/WINDS",1995,0,0
"486","FLOOD/RIVER FLOOD",1993,1,0
"487","Flood/Strong Wind",1997,0,0
"488","FLOODING",1993,2,1
"489","FLOODING",1994,3,0
"490","FLOODING",1995,1,1
"491","FLOODING/HEAVY RAIN",1995,0,0
"492","FLOODS",1993,0,0
"493","FLOODS",1995,0,0
"494","FOG",1994,1,16
"495","FOG",1995,1,6
"496","FOG",1996,2,42
"497","FOG",1997,10,103
"498","FOG",1998,6,152
"499","FOG",1999,3,84
"500","FOG",2000,10,118
"501","FOG",2001,7,67
"502","FOG",2002,22,146
"503","FOG",2003,0,0
"504","FOG AND COLD TEMPERATURES",1994,1,1
"505","FOREST FIRES",1994,0,0
"506","Freeze",1996,0,0
"507","FREEZE",1993,1,0
"508","FREEZE",1994,0,0
"509","FREEZE",1995,0,0
"510","FREEZE",1997,0,0
"511","FREEZE",1998,0,0
"512","FREEZE",1999,0,0
"513","FREEZE",2000,0,0
"514","FREEZE",2001,0,0
"515","FREEZE",2002,0,0
"516","Freezing drizzle",1997,0,0
"517","Freezing Drizzle",1996,0,0
"518","Freezing Drizzle",1997,0,0
"519","FREEZING DRIZZLE",1994,0,0
"520","FREEZING DRIZZLE",1995,0,2
"521","FREEZING DRIZZLE",1997,2,13
"522","FREEZING DRIZZLE",1998,0,0
"523","FREEZING DRIZZLE",2000,0,0
"524","FREEZING DRIZZLE",2002,0,0
"525","FREEZING DRIZZLE AND FREEZING",1995,0,0
"526","Freezing Fog",1996,0,0
"527","FREEZING FOG",1999,0,0
"528","FREEZING FOG",2005,0,0
"529","FREEZING FOG",2006,0,0
"530","FREEZING FOG",2007,0,0
"531","FREEZING FOG",2008,0,0
"532","FREEZING FOG",2009,0,0
"533","FREEZING FOG",2010,0,0
"534","FREEZING FOG",2011,0,0
"535","Freezing rain",1997,0,0
"536","Freezing Rain",1996,0,0
"537","Freezing Rain",1997,0,0
"538","FREEZING RAIN",1993,3,16
"539","FREEZING RAIN",1994,0,5
"540","FREEZING RAIN",1995,2,2
"541","FREEZING RAIN",1996,0,0
"542","FREEZING RAIN",1997,0,0
"543","FREEZING RAIN",1998,2,0
"544","FREEZING RAIN",1999,0,0
"545","FREEZING RAIN",2000,0,0
"546","FREEZING RAIN",2001,0,0
"547","FREEZING RAIN",2002,0,0
"548","FREEZING RAIN",2003,0,0
"549","FREEZING RAIN AND SLEET",1994,0,0
"550","FREEZING RAIN AND SLEET",1995,0,0
"551","FREEZING RAIN AND SNOW",1995,0,0
"552","FREEZING RAIN SLEET AND",1995,0,0
"553","FREEZING RAIN SLEET AND LIGHT",1995,0,0
"554","FREEZING RAIN/SLEET",1994,0,0
"555","FREEZING RAIN/SLEET",1995,0,0
"556","FREEZING RAIN/SLEET",1998,0,0
"557","FREEZING RAIN/SLEET",1999,0,0
"558","FREEZING RAIN/SLEET",2000,0,0
"559","FREEZING RAIN/SNOW",1994,1,0
"560","FREEZING RAIN/SNOW",1995,0,0
"561","Freezing Spray",1996,1,0
"562","Frost",1997,0,0
"563","FROST",1993,0,0
"564","FROST",1995,0,0
"565","FROST",1997,1,3
"566","FROST",1999,0,0
"567","FROST",2000,0,0
"568","FROST",2001,0,0
"569","FROST",2002,0,0
"570","Frost/Freeze",1997,0,0
"571","FROST/FREEZE",2002,0,0
"572","FROST/FREEZE",2003,0,0
"573","FROST/FREEZE",2004,0,0
"574","FROST/FREEZE",2005,0,0
"575","FROST/FREEZE",2006,0,0
"576","FROST/FREEZE",2007,0,0
"577","FROST/FREEZE",2008,0,0
"578","FROST/FREEZE",2009,0,0
"579","FROST/FREEZE",2010,0,0
"580","FROST/FREEZE",2011,0,0
"581","FROST\FREEZE",1993,0,0
"582","FUNNEL",1994,0,0
"583","FUNNEL",1995,0,0
"584","Funnel Cloud",1996,0,0
"585","FUNNEL CLOUD",1993,0,0
"586","FUNNEL CLOUD",1994,0,2
"587","FUNNEL CLOUD",1995,0,0
"588","FUNNEL CLOUD",1996,0,0
"589","FUNNEL CLOUD",1997,0,0
"590","FUNNEL CLOUD",1998,0,1
"591","FUNNEL CLOUD",1999,0,0
"592","FUNNEL CLOUD",2000,0,0
"593","FUNNEL CLOUD",2001,0,0
"594","FUNNEL CLOUD",2002,0,0
"595","FUNNEL CLOUD",2003,0,0
"596","FUNNEL CLOUD",2004,0,0
"597","FUNNEL CLOUD",2005,0,0
"598","FUNNEL CLOUD",2006,0,0
"599","FUNNEL CLOUD",2007,0,0
"600","FUNNEL CLOUD",2008,0,0
"601","FUNNEL CLOUD",2009,0,0
"602","FUNNEL CLOUD",2010,0,0
"603","FUNNEL CLOUD",2011,0,0
"604","FUNNEL CLOUD.",1995,0,0
"605","FUNNEL CLOUD/HAIL",1994,0,0
"606","FUNNEL CLOUDS",1993,0,0
"607","FUNNEL CLOUDS",1994,0,0
"608","FUNNEL CLOUDS",1995,0,0
"609","FUNNEL CLOUDS",1997,0,0
"610","FUNNEL CLOUDS",1998,0,0
"611","FUNNEL CLOUDS",2001,0,0
"612","FUNNELS",1994,0,0
"613","Glaze",1996,0,0
"614","Glaze",1997,0,0
"615","GLAZE",1994,0,0
"616","GLAZE",1995,6,4
"617","GLAZE",1998,1,212
"618","GLAZE",1999,0,0
"619","GLAZE",2000,0,0
"620","GLAZE ICE",1995,0,0
"621","GLAZE/ICE STORM",1994,0,15
"622","gradient wind",1997,0,0
"623","Gradient wind",1996,0,0
"624","Gradient wind",1997,0,0
"625","GRADIENT WIND",1997,0,0
"626","GRADIENT WIND",2001,0,0
"627","GRADIENT WINDS",1995,0,0
"628","GRASS FIRES",1995,0,0
"629","GROUND BLIZZARD",1993,0,0
"630","GROUND BLIZZARD",1994,0,0
"631","GUSTNADO",1994,0,0
"632","GUSTNADO",1995,0,0
"633","GUSTNADO AND",1995,0,0
"634","GUSTY LAKE WIND",2001,0,0
"635","GUSTY THUNDERSTORM WIND",2002,0,0
"636","GUSTY THUNDERSTORM WINDS",2001,0,0
"637","Gusty Wind",1996,0,0
"638","GUSTY WIND",1997,0,0
"639","GUSTY WIND",1998,0,0
"640","GUSTY WIND",1999,1,1
"641","GUSTY WIND",2000,0,0
"642","GUSTY WIND",2001,0,0
"643","GUSTY WIND",2002,0,0
"644","GUSTY WIND/HAIL",1999,0,0
"645","GUSTY WIND/HVY RAIN",1996,0,0
"646","Gusty wind/rain",1996,0,0
"647","Gusty winds",1997,0,2
"648","Gusty Winds",1997,0,1
"649","GUSTY WINDS",1993,1,0
"650","GUSTY WINDS",1994,0,0
"651","GUSTY WINDS",1997,0,6
"652","GUSTY WINDS",1998,0,1
"653","GUSTY WINDS",1999,1,1
"654","GUSTY WINDS",2000,2,0
"655","GUSTY WINDS",2001,0,0
"656","GUSTY WINDS",2002,0,0
"657","HAIL",1955,0,0
"658","HAIL",1956,0,0
"659","HAIL",1957,0,0
"660","HAIL",1958,0,0
"661","HAIL",1959,0,0
"662","HAIL",1960,0,0
"663","HAIL",1961,0,0
"664","HAIL",1962,0,0
"665","HAIL",1963,0,0
"666","HAIL",1964,0,0
"667","HAIL",1965,0,0
"668","HAIL",1966,0,0
"669","HAIL",1967,0,0
"670","HAIL",1968,0,0
"671","HAIL",1969,0,0
"672","HAIL",1970,0,0
"673","HAIL",1971,0,0
"674","HAIL",1972,0,0
"675","HAIL",1973,0,0
"676","HAIL",1974,0,0
"677","HAIL",1975,0,0
"678","HAIL",1976,0,0
"679","HAIL",1977,0,0
"680","HAIL",1978,0,0
"681","HAIL",1979,0,0
"682","HAIL",1980,0,0
"683","HAIL",1981,0,0
"684","HAIL",1982,0,0
"685","HAIL",1983,0,0
"686","HAIL",1984,0,76
"687","HAIL",1985,0,18
"688","HAIL",1986,0,70
"689","HAIL",1987,0,27
"690","HAIL",1988,0,8
"691","HAIL",1989,0,23
"692","HAIL",1990,0,67
"693","HAIL",1991,4,4
"694","HAIL",1992,1,108
"695","HAIL",1993,0,17
"696","HAIL",1994,0,27
"697","HAIL",1995,3,203
"698","HAIL",1996,1,82
"699","HAIL",1997,0,5
"700","HAIL",1998,1,40
"701","HAIL",1999,0,46
"702","HAIL",2000,2,53
"703","HAIL",2001,0,31
"704","HAIL",2002,0,125
"705","HAIL",2003,0,121
"706","HAIL",2004,0,4
"707","HAIL",2005,1,8
"708","HAIL",2006,0,18
"709","HAIL",2007,0,25
"710","HAIL",2008,2,12
"711","HAIL",2009,0,70
"712","HAIL",2010,0,42
"713","HAIL",2011,0,31
"714","HAIL 0.75",1994,0,0
"715","HAIL 0.75",1995,0,0
"716","HAIL 0.88",1994,0,0
"717","HAIL 075",1995,0,0
"718","HAIL 088",1995,0,0
"719","HAIL 1.00",1994,0,0
"720","HAIL 1.00",1995,0,0
"721","HAIL 1.75",1994,0,0
"722","HAIL 1.75",1995,0,0
"723","HAIL 1.75)",1993,0,0
"724","HAIL 100",1994,0,0
"725","HAIL 100",1995,0,0
"726","HAIL 125",1995,0,0
"727","HAIL 150",1995,0,0
"728","HAIL 175",1994,0,0
"729","HAIL 175",1995,0,0
"730","HAIL 200",1995,0,0
"731","HAIL 225",1994,0,0
"732","HAIL 275",1995,0,0
"733","HAIL 450",1995,0,0
"734","HAIL 75",1995,0,0
"735","HAIL 80",1995,0,0
"736","HAIL 88",1995,0,0
"737","HAIL ALOFT",1994,0,0
"738","HAIL DAMAGE",1994,0,0
"739","HAIL DAMAGE",1995,0,0
"740","HAIL FLOODING",1995,0,0
"741","HAIL STORM",1995,0,0
"742","Hail(0.75)",1996,0,0
"743","HAIL/ICY ROADS",1994,0,0
"744","HAIL/WIND",1994,0,0
"745","HAIL/WIND",1996,0,0
"746","HAIL/WINDS",1994,0,0
"747","HAILSTORM",1995,0,0
"748","HAILSTORMS",1995,0,0
"749","HARD FREEZE",1995,0,0
"750","HARD FREEZE",1997,0,0
"751","HARD FREEZE",2002,0,0
"752","HAZARDOUS SURF",2002,0,1
"753","HEAT",1993,7,5
"754","HEAT",1994,6,65
"755","HEAT",1995,687,808
"756","HEAT",1997,1,0
"757","HEAT",1998,5,0
"758","HEAT",2000,1,0
"759","HEAT",2001,1,0
"760","HEAT",2006,47,520
"761","HEAT",2007,22,30
"762","HEAT",2008,27,8
"763","HEAT",2009,26,14
"764","HEAT",2010,44,39
"765","HEAT",2011,63,611
"766","HEAT DROUGHT",1994,0,0
"767","Heat Wave",1996,0,70
"768","HEAT WAVE",1994,11,1
"769","HEAT WAVE",1995,161,308
"770","HEAT WAVE",1998,0,0
"771","HEAT WAVE DROUGHT",1995,4,15
"772","HEAT WAVES",1994,5,0
"773","HEAT/DROUGHT",1994,0,0
"774","Heatburst",1996,0,0
"775","HEAVY LAKE SNOW",1993,0,0
"776","HEAVY LAKE SNOW",1994,0,0
"777","HEAVY LAKE SNOW",1995,0,0
"778","HEAVY MIX",1994,0,0
"779","HEAVY MIX",1995,0,0
"780","HEAVY PRECIPATATION",1994,0,0
"781","Heavy Precipitation",1996,0,0
"782","HEAVY PRECIPITATION",1994,0,0
"783","Heavy rain",1996,0,0
"784","Heavy rain",1997,0,0
"785","Heavy Rain",1996,0,0
"786","Heavy Rain",1997,0,0
"787","HEAVY RAIN",1993,0,14
"788","HEAVY RAIN",1994,3,0
"789","HEAVY RAIN",1995,1,7
"790","HEAVY RAIN",1996,9,1
"791","HEAVY RAIN",1997,29,31
"792","HEAVY RAIN",1998,11,24
"793","HEAVY RAIN",1999,8,7
"794","HEAVY RAIN",2000,4,38
"795","HEAVY RAIN",2001,3,1
"796","HEAVY RAIN",2002,1,1
"797","HEAVY RAIN",2003,5,34
"798","HEAVY RAIN",2004,4,9
"799","HEAVY RAIN",2005,8,39
"800","HEAVY RAIN",2006,1,4
"801","HEAVY RAIN",2007,2,8
"802","HEAVY RAIN",2008,2,16
"803","HEAVY RAIN",2009,6,9
"804","HEAVY RAIN",2010,0,7
"805","HEAVY RAIN",2011,1,1
"806","HEAVY RAIN AND FLOOD",1995,0,0
"807","Heavy Rain and Wind",1996,0,0
"808","HEAVY RAIN EFFECTS",2001,0,0
"809","HEAVY RAIN/FLOODING",1994,0,0
"810","HEAVY RAIN/FLOODING",1995,0,0
"811","Heavy Rain/High Surf",1996,0,0
"812","HEAVY RAIN/LIGHTNING",1994,0,0
"813","HEAVY RAIN/MUDSLIDES/FLOOD",1994,0,0
"814","HEAVY RAIN/SEVERE WEATHER",1995,0,0
"815","HEAVY RAIN/SMALL STREAM URBAN",1994,0,0
"816","HEAVY RAIN/SNOW",1994,0,0
"817","HEAVY RAIN/URBAN FLOOD",1994,0,0
"818","HEAVY RAIN/WIND",1996,0,0
"819","HEAVY RAIN/WIND",1998,0,0
"820","HEAVY RAIN; URBAN FLOOD WINDS;",1994,0,0
"821","HEAVY RAINFALL",1994,0,0
"822","HEAVY RAINFALL",1999,0,0
"823","HEAVY RAINS",1993,0,0
"824","HEAVY RAINS",1994,0,0
"825","HEAVY RAINS",1995,0,4
"826","HEAVY RAINS/FLOODING",1994,0,0
"827","HEAVY SEAS",1995,2,0
"828","HEAVY SEAS",1999,1,0
"829","HEAVY SHOWER",1994,0,0
"830","HEAVY SHOWER",1995,0,0
"831","HEAVY SHOWERS",1995,0,0
"832","HEAVY SNOW",1993,4,41
"833","HEAVY SNOW",1994,8,229
"834","HEAVY SNOW",1995,8,53
"835","HEAVY SNOW",1996,26,130
"836","HEAVY SNOW",1997,19,128
"837","HEAVY SNOW",1998,18,73
"838","HEAVY SNOW",1999,12,52
"839","HEAVY SNOW",2000,9,59
"840","HEAVY SNOW",2001,1,16
"841","HEAVY SNOW",2002,2,39
"842","HEAVY SNOW",2003,2,13
"843","HEAVY SNOW",2004,3,139
"844","HEAVY SNOW",2005,7,11
"845","HEAVY SNOW",2006,0,2
"846","HEAVY SNOW",2007,0,0
"847","HEAVY SNOW",2008,4,18
"848","HEAVY SNOW",2009,2,0
"849","HEAVY SNOW",2010,2,18
"850","HEAVY SNOW",2011,0,0
"851","HEAVY SNOW-SQUALLS",1995,0,0
"852","HEAVY SNOW   FREEZING RAIN",1995,0,0
"853","HEAVY SNOW & ICE",1995,0,0
"854","HEAVY SNOW AND",1995,0,0
"855","HEAVY SNOW AND HIGH WINDS",1995,2,0
"856","HEAVY SNOW AND ICE",1994,0,0
"857","HEAVY SNOW AND ICE STORM",1994,0,0
"858","HEAVY SNOW AND STRONG WINDS",1995,0,0
"859","HEAVY SNOW ANDBLOWING SNOW",1995,0,0
"860","Heavy snow shower",1996,0,2
"861","HEAVY SNOW SQUALLS",1993,0,0
"862","HEAVY SNOW SQUALLS",1994,0,0
"863","HEAVY SNOW SQUALLS",1995,0,0
"864","HEAVY SNOW SQUALLS",1997,0,0
"865","HEAVY SNOW/BLIZZARD",1994,0,0
"866","HEAVY SNOW/BLIZZARD",1995,0,0
"867","HEAVY SNOW/BLIZZARD/AVALANCHE",1994,0,1
"868","HEAVY SNOW/BLOWING SNOW",1994,0,0
"869","HEAVY SNOW/FREEZING RAIN",1993,0,0
"870","HEAVY SNOW/FREEZING RAIN",1994,0,0
"871","HEAVY SNOW/HIGH",1995,0,0
"872","HEAVY SNOW/HIGH WIND",1994,0,0
"873","HEAVY SNOW/HIGH WINDS",1994,0,0
"874","HEAVY SNOW/HIGH WINDS & FLOOD",1995,0,0
"875","HEAVY SNOW/HIGH WINDS/FREEZING",1995,0,0
"876","HEAVY SNOW/ICE",1993,0,10
"877","HEAVY SNOW/ICE",1994,0,0
"878","HEAVY SNOW/ICE",1995,0,0
"879","HEAVY SNOW/ICE STORM",1994,0,0
"880","HEAVY SNOW/SLEET",1995,0,0
"881","HEAVY SNOW/SQUALLS",1994,0,0
"882","HEAVY SNOW/WIND",1993,0,0
"883","HEAVY SNOW/WINTER STORM",1994,0,0
"884","HEAVY SNOWPACK",1993,0,0
"885","Heavy Surf",1996,1,0
"886","Heavy Surf",1997,0,0
"887","HEAVY SURF",1993,1,0
"888","HEAVY SURF",1994,0,0
"889","HEAVY SURF",1995,1,0
"890","HEAVY SURF",1996,0,0
"891","HEAVY SURF",1997,0,4
"892","HEAVY SURF",1998,1,3
"893","HEAVY SURF",1999,2,7
"894","HEAVY SURF",2000,0,6
"895","HEAVY SURF",2001,1,17
"896","HEAVY SURF",2002,1,3
"897","Heavy surf and wind",1997,3,0
"898","HEAVY SURF COASTAL FLOODING",1995,0,0
"899","HEAVY SURF/HIGH SURF",2003,13,8
"900","HEAVY SURF/HIGH SURF",2004,24,29
"901","HEAVY SURF/HIGH SURF",2005,5,11
"902","HEAVY SURF/HIGH SURF",2006,0,0
"903","HEAVY SWELLS",1995,0,0
"904","HEAVY WET SNOW",1994,0,0
"905","HIGH",1994,0,1
"906","HIGH  SWELLS",1997,0,0
"907","HIGH  WINDS",1995,0,0
"908","HIGH SEAS",1993,1,1
"909","HIGH SEAS",1994,1,0
"910","HIGH SEAS",1999,0,0
"911","HIGH SEAS",2000,0,6
"912","HIGH SEAS",2001,1,0
"913","HIGH SEAS",2002,2,1
"914","High Surf",1996,3,4
"915","HIGH SURF",1993,0,0
"916","HIGH SURF",1994,2,1
"917","HIGH SURF",1995,12,5
"918","HIGH SURF",1996,0,0
"919","HIGH SURF",1997,6,2
"920","HIGH SURF",1998,0,7
"921","HIGH SURF",1999,3,4
"922","HIGH SURF",2000,0,0
"923","HIGH SURF",2001,2,3
"924","HIGH SURF",2002,4,3
"925","HIGH SURF",2005,0,0
"926","HIGH SURF",2006,13,9
"927","HIGH SURF",2007,10,0
"928","HIGH SURF",2008,6,58
"929","HIGH SURF",2009,15,29
"930","HIGH SURF",2010,17,20
"931","HIGH SURF",2011,11,11
"932","HIGH SURF ADVISORIES",2002,0,0
"933","HIGH SURF ADVISORY",2000,0,0
"934","HIGH SURF ADVISORY",2001,0,0
"935","HIGH SURF ADVISORY",2002,0,0
"936","HIGH SWELLS",1997,1,0
"937","HIGH TEMPERATURE RECORD",1995,0,0
"938","HIGH TIDES",1994,0,0
"939","HIGH WATER",1993,0,0
"940","HIGH WATER",2000,1,0
"941","HIGH WATER",2001,2,0
"942","HIGH WAVES",1995,1,0
"943","High Wind",1996,0,0
"944","HIGH WIND",1993,6,38
"945","HIGH WIND",1994,1,6
"946","HIGH WIND",1995,6,10
"947","HIGH WIND",1996,24,113
"948","HIGH WIND",1997,33,91
"949","HIGH WIND",1998,20,77
"950","HIGH WIND",1999,27,125
"951","HIGH WIND",2000,21,120
"952","HIGH WIND",2001,13,71
"953","HIGH WIND",2002,19,105
"954","HIGH WIND",2003,15,127
"955","HIGH WIND",2004,13,49
"956","HIGH WIND",2005,2,14
"957","HIGH WIND",2006,19,57
"958","HIGH WIND",2007,3,28
"959","HIGH WIND",2008,11,56
"960","HIGH WIND",2009,4,22
"961","HIGH WIND",2010,7,17
"962","HIGH WIND",2011,4,11
"963","HIGH WIND (G40)",1998,0,0
"964","HIGH WIND 48",1994,0,1
"965","HIGH WIND 63",1994,0,0
"966","HIGH WIND 70",1994,0,0
"967","HIGH WIND AND HEAVY SNOW",1994,0,0
"968","HIGH WIND AND HIGH TIDES",1994,0,0
"969","HIGH WIND AND SEAS",1993,3,20
"970","HIGH WIND DAMAGE",1995,0,0
"971","HIGH WIND/ BLIZZARD",1993,0,0
"972","HIGH WIND/BLIZZARD",1994,0,0
"973","HIGH WIND/BLIZZARD",1995,0,0
"974","HIGH WIND/BLIZZARD/FREEZING RA",1994,0,0
"975","HIGH WIND/HEAVY SNOW",1994,0,1
"976","HIGH WIND/LOW WIND CHILL",1995,0,0
"977","HIGH WIND/SEAS",1993,4,0
"978","HIGH WIND/WIND CHILL",1995,0,0
"979","HIGH WIND/WIND CHILL/BLIZZARD",1995,0,0
"980","HIGH WINDS",1993,21,144
"981","HIGH WINDS",1994,3,51
"982","HIGH WINDS",1995,11,107
"983","HIGH WINDS",1997,0,0
"984","HIGH WINDS 55",1994,0,0
"985","HIGH WINDS 57",1994,0,0
"986","HIGH WINDS 58",1994,0,0
"987","HIGH WINDS 63",1994,0,0
"988","HIGH WINDS 66",1994,0,0
"989","HIGH WINDS 66",1995,0,0
"990","HIGH WINDS 67",1994,0,0
"991","HIGH WINDS 73",1994,0,0
"992","HIGH WINDS 76",1994,0,0
"993","HIGH WINDS 80",1994,0,0
"994","HIGH WINDS 82",1995,0,0
"995","HIGH WINDS AND WIND CHILL",1995,0,0
"996","HIGH WINDS DUST STORM",1995,0,0
"997","HIGH WINDS HEAVY RAINS",1995,0,0
"998","HIGH WINDS/",1994,0,0
"999","HIGH WINDS/COASTAL FLOOD",1994,0,0
"1000","HIGH WINDS/COLD",1993,0,4
"1001","HIGH WINDS/FLOODING",1994,0,0
"1002","HIGH WINDS/HEAVY RAIN",1993,0,0
"1003","HIGH WINDS/SNOW",1993,3,6
"1004","HIGHWAY FLOODING",1995,0,0
"1005","Hot and Dry",1996,0,0
"1006","HOT PATTERN",1995,0,0
"1007","HOT SPELL",1998,0,0
"1008","HOT WEATHER",1998,0,0
"1009","HOT/DRY PATTERN",1993,0,0
"1010","HURRICANE",1993,0,0
"1011","HURRICANE",1994,0,0
"1012","HURRICANE",1996,36,17
"1013","HURRICANE",1997,1,0
"1014","HURRICANE",1998,4,9
"1015","HURRICANE",1999,16,4
"1016","HURRICANE",2000,0,0
"1017","HURRICANE",2001,1,0
"1018","HURRICANE",2002,1,3
"1019","HURRICANE",2007,1,12
"1020","HURRICANE",2008,1,0
"1021","HURRICANE",2009,0,1
"1022","HURRICANE",2010,0,0
"1023","HURRICANE",2011,0,0
"1024","HURRICANE-GENERATED SWELLS",1995,0,2
"1025","Hurricane Edouard",1996,0,2
"1026","HURRICANE EMILY",1993,0,1
"1027","HURRICANE ERIN",1995,6,1
"1028","HURRICANE FELIX",1995,1,0
"1029","HURRICANE GORDON",1994,0,0
"1030","HURRICANE OPAL",1995,1,1
"1031","HURRICANE OPAL/HIGH WINDS",1995,2,0
"1032","HURRICANE/TYPHOON",2002,1,316
"1033","HURRICANE/TYPHOON",2003,6,2
"1034","HURRICANE/TYPHOON",2004,23,839
"1035","HURRICANE/TYPHOON",2005,34,118
"1036","HVY RAIN",1995,0,0
"1037","HYPERTHERMIA/EXPOSURE",1998,1,0
"1038","HYPOTHERMIA",1994,1,0
"1039","Hypothermia/Exposure",1997,4,0
"1040","HYPOTHERMIA/EXPOSURE",1997,3,0
"1041","ICE",1993,2,71
"1042","ICE",1994,2,66
"1043","ICE",1995,2,0
"1044","ICE",1997,0,0
"1045","ICE",1999,0,0
"1046","ICE AND SNOW",1993,0,0
"1047","ICE FLOES",1994,0,0
"1048","Ice Fog",1996,0,0
"1049","ICE JAM",1993,0,0
"1050","ICE JAM",1996,0,0
"1051","Ice jam flood (minor",1996,0,0
"1052","ICE JAM FLOODING",1994,0,0
"1053","ICE JAM FLOODING",1995,0,0
"1054","ICE ON ROAD",2002,1,0
"1055","ICE PELLETS",1998,0,0
"1056","ICE ROADS",1999,0,1
"1057","ICE STORM",1993,3,4
"1058","ICE STORM",1994,2,1614
"1059","ICE STORM",1995,2,39
"1060","ICE STORM",1996,11,122
"1061","ICE STORM",1997,10,51
"1062","ICE STORM",1998,21,22
"1063","ICE STORM",1999,10,8
"1064","ICE STORM",2000,2,6
"1065","ICE STORM",2001,5,7
"1066","ICE STORM",2002,4,45
"1067","ICE STORM",2003,6,31
"1068","ICE STORM",2004,0,10
"1069","ICE STORM",2005,2,4
"1070","ICE STORM",2006,6,0
"1071","ICE STORM",2007,2,8
"1072","ICE STORM",2008,0,0
"1073","ICE STORM",2009,3,3
"1074","ICE STORM",2010,0,1
"1075","ICE STORM",2011,0,0
"1076","ICE STORM AND SNOW",1993,0,0
"1077","ICE STORM/FLASH FLOOD",1994,0,2
"1078","Ice/Snow",1996,0,0
"1079","ICE/SNOW",1995,0,0
"1080","ICE/SNOW",2002,0,0
"1081","ICE/STRONG WINDS",1995,0,0
"1082","Icestorm/Blizzard",1997,0,0
"1083","Icy Roads",1996,0,0
"1084","Icy Roads",1997,0,0
"1085","ICY ROADS",1995,1,9
"1086","ICY ROADS",1997,2,2
"1087","ICY ROADS",1998,1,6
"1088","ICY ROADS",1999,1,14
"1089","ICY ROADS",2000,0,0
"1090","ICY ROADS",2002,0,0
"1091","LACK OF SNOW",1994,0,0
"1092","LAKE-EFFECT SNOW",1995,0,0
"1093","LAKE-EFFECT SNOW",2005,0,0
"1094","LAKE-EFFECT SNOW",2006,0,0
"1095","LAKE-EFFECT SNOW",2007,0,0
"1096","LAKE-EFFECT SNOW",2008,0,0
"1097","LAKE-EFFECT SNOW",2009,0,0
"1098","LAKE-EFFECT SNOW",2010,0,0
"1099","LAKE-EFFECT SNOW",2011,0,0
"1100","Lake Effect Snow",1997,0,0
"1101","LAKE EFFECT SNOW",1993,0,0
"1102","LAKE EFFECT SNOW",1997,0,0
"1103","LAKE EFFECT SNOW",1998,0,0
"1104","LAKE EFFECT SNOW",1999,0,0
"1105","LAKE EFFECT SNOW",2000,0,0
"1106","LAKE EFFECT SNOW",2001,0,0
"1107","LAKE FLOOD",1995,0,0
"1108","LAKESHORE FLOOD",2006,0,0
"1109","LAKESHORE FLOOD",2007,0,0
"1110","LAKESHORE FLOOD",2010,0,0
"1111","LAKESHORE FLOOD",2011,0,0
"1112","LANDSLIDE",1994,0,0
"1113","LANDSLIDE",1995,1,0
"1114","LANDSLIDE",2000,0,0
"1115","LANDSLIDE",2001,0,0
"1116","LANDSLIDE",2003,15,16
"1117","LANDSLIDE",2004,4,11
"1118","LANDSLIDE",2005,11,11
"1119","LANDSLIDE",2006,3,2
"1120","LANDSLIDE",2007,3,3
"1121","LANDSLIDE",2008,0,0
"1122","LANDSLIDE",2009,0,9
"1123","LANDSLIDE",2010,0,0
"1124","LANDSLIDE",2011,1,0
"1125","LANDSLIDE/URBAN FLOOD",1994,0,0
"1126","LANDSLIDES",1993,0,0
"1127","LANDSLIDES",1994,0,0
"1128","LANDSLIDES",1995,0,0
"1129","LANDSLIDES",1997,1,1
"1130","Landslump",1996,0,0
"1131","LANDSLUMP",2000,0,0
"1132","LANDSPOUT",1999,0,0
"1133","LARGE WALL CLOUD",1995,0,0
"1134","Late-season Snowfall",1996,0,0
"1135","LATE FREEZE",1997,0,0
"1136","LATE SEASON HAIL",1999,0,0
"1137","LATE SEASON SNOW",2001,0,0
"1138","Late Season Snowfall",1996,0,0
"1139","LATE SNOW",1996,0,0
"1140","LIGHT FREEZING RAIN",1999,0,0
"1141","LIGHT FREEZING RAIN",2000,0,0
"1142","LIGHT FREEZING RAIN",2001,0,0
"1143","Light snow",1996,0,0
"1144","Light Snow",1996,0,0
"1145","Light Snow",1997,0,0
"1146","LIGHT SNOW",1995,0,0
"1147","LIGHT SNOW",1997,0,0
"1148","LIGHT SNOW",1998,0,0
"1149","LIGHT SNOW",1999,0,0
"1150","LIGHT SNOW",2000,1,2
"1151","LIGHT SNOW",2001,0,0
"1152","LIGHT SNOW",2002,0,0
"1153","LIGHT SNOW AND SLEET",1995,0,0
"1154","Light Snow/Flurries",1996,0,0
"1155","LIGHT SNOW/FREEZING PRECIP",1999,0,0
"1156","Light Snowfall",1996,0,0
"1157","LIGHTING",1994,0,0
"1158","LIGHTNING",1993,22,114
"1159","LIGHTNING",1994,65,485
"1160","LIGHTNING",1995,78,490
"1161","LIGHTNING",1996,53,315
"1162","LIGHTNING",1997,42,307
"1163","LIGHTNING",1998,44,283
"1164","LIGHTNING",1999,46,243
"1165","LIGHTNING",2000,52,371
"1166","LIGHTNING",2001,44,372
"1167","LIGHTNING",2002,51,256
"1168","LIGHTNING",2003,44,238
"1169","LIGHTNING",2004,33,279
"1170","LIGHTNING",2005,38,309
"1171","LIGHTNING",2006,45,245
"1172","LIGHTNING",2007,45,139
"1173","LIGHTNING",2008,25,207
"1174","LIGHTNING",2009,34,201
"1175","LIGHTNING",2010,29,182
"1176","LIGHTNING",2011,26,194
"1177","LIGHTNING  WAUSEON",1995,0,0
"1178","LIGHTNING AND HEAVY RAIN",1995,0,0
"1179","LIGHTNING AND THUNDERSTORM WIN",1995,0,1
"1180","LIGHTNING AND WINDS",1995,0,0
"1181","LIGHTNING DAMAGE",1994,0,0
"1182","LIGHTNING FIRE",1995,0,0
"1183","LIGHTNING INJURY",1995,0,1
"1184","LIGHTNING THUNDERSTORM WINDS",1995,0,0
"1185","LIGHTNING THUNDERSTORM WINDSS",1995,0,0
"1186","LIGHTNING.",1995,1,0
"1187","LIGHTNING/HEAVY RAIN",1994,0,0
"1188","LIGNTNING",1995,0,0
"1189","LOCAL FLASH FLOOD",1994,0,0
"1190","LOCAL FLOOD",1995,0,0
"1191","LOCALLY HEAVY RAIN",2000,0,0
"1192","LOW TEMPERATURE",1994,7,0
"1193","LOW TEMPERATURE RECORD",1995,0,0
"1194","LOW WIND CHILL",1995,0,0
"1195","MAJOR FLOOD",1993,0,0
"1196","Marine Accident",1996,1,2
"1197","MARINE HAIL",2002,0,0
"1198","MARINE HAIL",2003,0,0
"1199","MARINE HAIL",2004,0,0
"1200","MARINE HAIL",2005,0,0
"1201","MARINE HAIL",2006,0,0
"1202","MARINE HAIL",2007,0,0
"1203","MARINE HAIL",2008,0,0
"1204","MARINE HAIL",2009,0,0
"1205","MARINE HAIL",2010,0,0
"1206","MARINE HAIL",2011,0,0
"1207","MARINE HIGH WIND",2005,0,0
"1208","MARINE HIGH WIND",2006,0,0
"1209","MARINE HIGH WIND",2007,0,0
"1210","MARINE HIGH WIND",2008,1,1
"1211","MARINE HIGH WIND",2009,0,0
"1212","MARINE HIGH WIND",2010,0,0
"1213","MARINE HIGH WIND",2011,0,0
"1214","MARINE MISHAP",1995,7,5
"1215","MARINE STRONG WIND",2006,2,0
"1216","MARINE STRONG WIND",2007,3,15
"1217","MARINE STRONG WIND",2008,4,0
"1218","MARINE STRONG WIND",2009,1,2
"1219","MARINE STRONG WIND",2010,2,0
"1220","MARINE STRONG WIND",2011,2,5
"1221","MARINE THUNDERSTORM WIND",2006,1,0
"1222","MARINE THUNDERSTORM WIND",2007,2,2
"1223","MARINE THUNDERSTORM WIND",2008,2,6
"1224","MARINE THUNDERSTORM WIND",2009,2,2
"1225","MARINE THUNDERSTORM WIND",2010,0,2
"1226","MARINE THUNDERSTORM WIND",2011,3,14
"1227","MARINE TSTM WIND",2001,0,0
"1228","MARINE TSTM WIND",2002,0,0
"1229","MARINE TSTM WIND",2003,2,2
"1230","MARINE TSTM WIND",2004,6,0
"1231","MARINE TSTM WIND",2005,1,0
"1232","MARINE TSTM WIND",2006,0,6
"1233","Metro Storm, May 26",1996,0,0
"1234","Microburst",1996,0,0
"1235","MICROBURST",1994,0,0
"1236","MICROBURST",1995,0,0
"1237","MICROBURST WINDS",1994,0,0
"1238","MICROBURST WINDS",1995,0,0
"1239","Mild and Dry Pattern",1997,0,0
"1240","MILD PATTERN",1994,0,0
"1241","MILD/DRY PATTERN",1994,0,0
"1242","MINOR FLOOD",1995,0,0
"1243","Minor Flooding",1996,0,0
"1244","MINOR FLOODING",1993,1,0
"1245","MIXED PRECIP",1996,1,22
"1246","MIXED PRECIP",1997,1,4
"1247","Mixed Precipitation",1997,0,0
"1248","MIXED PRECIPITATION",1999,0,0
"1249","MIXED PRECIPITATION",2000,0,0
"1250","MIXED PRECIPITATION",2001,0,0
"1251","MIXED PRECIPITATION",2002,0,0
"1252","MODERATE SNOW",1998,0,0
"1253","MODERATE SNOWFALL",1998,0,0
"1254","MODERATE SNOWFALL",1999,0,0
"1255","MODERATE SNOWFALL",2000,0,0
"1256","MODERATE SNOWFALL",2001,0,0
"1257","MODERATE SNOWFALL",2002,0,0
"1258","MONTHLY PRECIPITATION",1999,0,0
"1259","MONTHLY PRECIPITATION",2000,0,0
"1260","MONTHLY PRECIPITATION",2001,0,0
"1261","MONTHLY PRECIPITATION",2002,0,0
"1262","Monthly Rainfall",1996,0,0
"1263","MONTHLY RAINFALL",1998,0,0
"1264","Monthly Snowfall",1996,0,0
"1265","MONTHLY SNOWFALL",1999,0,0
"1266","MONTHLY TEMPERATURE",1999,0,0
"1267","Mountain Snows",1997,0,0
"1268","MUD SLIDE",1993,0,0
"1269","MUD SLIDE",1994,0,0
"1270","MUD SLIDE",1997,0,0
"1271","MUD SLIDE",1998,0,0
"1272","MUD SLIDE",2001,0,0
"1273","MUD SLIDES",1994,0,0
"1274","MUD SLIDES URBAN FLOODING",1995,0,0
"1275","MUD/ROCK SLIDE",1995,0,0
"1276","Mudslide",1996,0,2
"1277","Mudslide",1997,4,0
"1278","MUDSLIDE",1993,0,0
"1279","MUDSLIDE",1994,0,0
"1280","MUDSLIDE",1997,0,0
"1281","MUDSLIDE",2001,0,0
"1282","MUDSLIDE",2002,0,0
"1283","MUDSLIDE/LANDSLIDE",1996,0,0
"1284","Mudslides",1996,1,0
"1285","Mudslides",1997,0,0
"1286","MUDSLIDES",1993,0,0
"1287","MUDSLIDES",1994,0,0
"1288","MUDSLIDES",1995,0,0
"1289","MUDSLIDES",1997,0,0
"1290","NEAR RECORD SNOW",1993,0,0
"1291","No Severe Weather",1996,0,0
"1292","NON-SEVERE WIND DAMAGE",2000,0,7
"1293","NON-TSTM WIND",2001,0,0
"1294","NON SEVERE HAIL",2000,0,0
"1295","NON TSTM WIND",2001,0,1
"1296","NONE",1997,0,0
"1297","NORMAL PRECIPITATION",1995,0,0
"1298","NORTHERN LIGHTS",2001,0,0
"1299","Other",1996,0,0
"1300","Other",1997,0,0
"1301","OTHER",1995,0,0
"1302","OTHER",1997,0,0
"1303","OTHER",1998,0,0
"1304","OTHER",1999,0,0
"1305","OTHER",2000,0,0
"1306","OTHER",2001,0,4
"1307","PATCHY DENSE FOG",1998,0,0
"1308","PATCHY ICE",2001,0,0
"1309","Prolong Cold",1997,0,0
"1310","PROLONG COLD",1995,0,0
"1311","PROLONG COLD",1997,0,0
"1312","PROLONG COLD",2000,0,0
"1313","PROLONG COLD",2001,0,0
"1314","PROLONG COLD",2003,0,0
"1315","PROLONG COLD/SNOW",1995,0,0
"1316","PROLONG WARMTH",2001,0,0
"1317","PROLONGED RAIN",1998,0,0
"1318","RAIN",1993,0,0
"1319","RAIN",1994,0,0
"1320","RAIN",1995,0,0
"1321","RAIN",1997,0,0
"1322","RAIN",2000,0,0
"1323","RAIN",2001,0,0
"1324","RAIN (HEAVY)",1997,0,0
"1325","RAIN AND WIND",1994,0,0
"1326","Rain Damage",1996,0,0
"1327","RAIN/SNOW",1993,0,0
"1328","RAIN/SNOW",1997,4,2
"1329","RAIN/SNOW",1998,0,0
"1330","RAIN/WIND",1994,1,0
"1331","RAINSTORM",1993,0,0
"1332","RAPIDLY RISING WATER",1995,1,0
"1333","RECORD  COLD",1999,0,0
"1334","Record Cold",1996,0,0
"1335","RECORD COLD",1993,1,0
"1336","RECORD COLD",1994,0,0
"1337","RECORD COLD",1995,0,0
"1338","RECORD COLD",1997,0,0
"1339","RECORD COLD",1998,0,0
"1340","RECORD COLD",1999,0,0
"1341","RECORD COLD",2000,0,0
"1342","RECORD COLD",2001,0,0
"1343","RECORD COLD AND HIGH WIND",1994,0,0
"1344","RECORD COLD/FROST",1995,0,0
"1345","RECORD COOL",1998,0,0
"1346","RECORD COOL",1999,0,0
"1347","Record dry month",1996,0,0
"1348","RECORD DRYNESS",1999,0,0
"1349","Record Heat",1996,0,0
"1350","RECORD HEAT",1993,0,0
"1351","RECORD HEAT",1994,0,50
"1352","RECORD HEAT",1995,0,0
"1353","RECORD HEAT",1997,0,0
"1354","RECORD HEAT",1998,0,0
"1355","RECORD HEAT",1999,2,0
"1356","RECORD HEAT",2000,0,0
"1357","RECORD HEAT",2001,0,0
"1358","RECORD HEAT WAVE",1994,0,0
"1359","Record High",1997,0,0
"1360","RECORD HIGH",1995,0,0
"1361","RECORD HIGH TEMPERATURE",1995,0,0
"1362","RECORD HIGH TEMPERATURES",1993,0,0
"1363","RECORD LOW",1995,0,0
"1364","RECORD LOW RAINFALL",2001,0,0
"1365","Record May Snow",1996,0,0
"1366","RECORD PRECIPITATION",1999,0,0
"1367","RECORD RAINFALL",1993,0,0
"1368","RECORD RAINFALL",1999,0,0
"1369","RECORD RAINFALL",2000,0,0
"1370","RECORD SNOW",1993,0,0
"1371","RECORD SNOW",1994,0,0
"1372","RECORD SNOW",1995,0,0
"1373","RECORD SNOW",2000,0,0
"1374","RECORD SNOW/COLD",1995,0,0
"1375","RECORD SNOWFALL",1993,0,0
"1376","RECORD SNOWFALL",1994,0,0
"1377","RECORD SNOWFALL",1997,0,0
"1378","RECORD SNOWFALL",2000,0,0
"1379","Record temperature",1996,0,0
"1380","RECORD TEMPERATURE",1998,0,0
"1381","RECORD TEMPERATURE",1999,0,0
"1382","Record Temperatures",1996,0,0
"1383","RECORD TEMPERATURES",1995,0,0
"1384","RECORD TEMPERATURES",1997,0,0
"1385","RECORD TEMPERATURES",1998,0,0
"1386","RECORD WARM",1998,0,0
"1387","RECORD WARM TEMPS.",1996,0,0
"1388","Record Warmth",1997,0,0
"1389","RECORD WARMTH",1993,0,0
"1390","RECORD WARMTH",1994,0,0
"1391","RECORD WARMTH",1995,0,0
"1392","RECORD WARMTH",1997,0,0
"1393","RECORD WARMTH",1998,0,0
"1394","RECORD WARMTH",1999,0,0
"1395","RECORD WARMTH",2000,0,0
"1396","RECORD WARMTH",2001,0,0
"1397","RECORD WARMTH",2002,0,0
"1398","Record Winter Snow",1996,0,0
"1399","RECORD/EXCESSIVE HEAT",1994,17,0
"1400","RECORD/EXCESSIVE RAINFALL",1994,0,0
"1401","RED FLAG CRITERIA",2001,0,0
"1402","RED FLAG FIRE WX",1999,0,0
"1403","REMNANTS OF FLOYD",1999,0,0
"1404","RIP CURRENT",1994,8,5
"1405","RIP CURRENT",1995,20,18
"1406","RIP CURRENT",1997,0,1
"1407","RIP CURRENT",2002,0,3
"1408","RIP CURRENT",2003,40,22
"1409","RIP CURRENT",2004,32,23
"1410","RIP CURRENT",2005,35,9
"1411","RIP CURRENT",2006,26,24
"1412","RIP CURRENT",2007,46,14
"1413","RIP CURRENT",2008,44,21
"1414","RIP CURRENT",2009,39,20
"1415","RIP CURRENT",2010,49,45
"1416","RIP CURRENT",2011,29,27
"1417","RIP CURRENTS",1995,2,3
"1418","RIP CURRENTS",1996,25,65
"1419","RIP CURRENTS",1997,10,6
"1420","RIP CURRENTS",1998,22,17
"1421","RIP CURRENTS",1999,23,31
"1422","RIP CURRENTS",2000,29,17
"1423","RIP CURRENTS",2001,49,76
"1424","RIP CURRENTS",2002,43,57
"1425","RIP CURRENTS",2003,1,25
"1426","RIP CURRENTS HEAVY SURF",1995,0,0
"1427","RIP CURRENTS/HEAVY SURF",1995,5,0
"1428","RIVER AND STREAM FLOOD",1995,0,0
"1429","RIVER FLOOD",1993,0,0
"1430","RIVER FLOOD",1994,0,1
"1431","RIVER FLOOD",1995,1,1
"1432","RIVER FLOOD",1997,0,0
"1433","RIVER FLOOD",1998,1,0
"1434","River Flooding",1996,0,1
"1435","RIVER FLOODING",1993,1,0
"1436","RIVER FLOODING",1994,0,0
"1437","RIVER FLOODING",1995,0,0
"1438","RIVER FLOODING",1998,1,0
"1439","ROCK SLIDE",1998,0,0
"1440","ROGUE WAVE",2001,0,2
"1441","ROTATING WALL CLOUD",1993,0,0
"1442","ROTATING WALL CLOUD",1995,0,0
"1443","ROUGH SEAS",2000,2,5
"1444","ROUGH SEAS",2001,2,0
"1445","ROUGH SEAS",2002,4,0
"1446","ROUGH SURF",1996,4,1
"1447","RURAL FLOOD",1995,0,0
"1448","Saharan Dust",1996,0,0
"1449","SAHARAN DUST",1995,0,0
"1450","SAHARAN DUST",1998,0,0
"1451","Seasonal Snowfall",1996,0,0
"1452","SEICHE",1998,0,0
"1453","SEICHE",1999,0,0
"1454","SEICHE",2000,0,0
"1455","SEICHE",2002,0,0
"1456","SEICHE",2004,0,0
"1457","SEICHE",2005,0,0
"1458","SEICHE",2006,0,0
"1459","SEICHE",2008,0,0
"1460","SEICHE",2009,0,0
"1461","SEICHE",2010,0,0
"1462","SEICHE",2011,0,0
"1463","SEVERE COLD",1994,0,0
"1464","SEVERE THUNDERSTORM",1994,0,0
"1465","SEVERE THUNDERSTORM",1995,0,0
"1466","SEVERE THUNDERSTORM",1999,0,0
"1467","SEVERE THUNDERSTORM WINDS",1995,0,0
"1468","SEVERE THUNDERSTORMS",1993,0,0
"1469","SEVERE THUNDERSTORMS",1994,0,0
"1470","SEVERE THUNDERSTORMS",1995,0,0
"1471","SEVERE THUNDERSTORMS",1997,0,0
"1472","SEVERE THUNDERSTORMS",1998,0,0
"1473","SEVERE THUNDERSTORMS",2000,0,0
"1474","SEVERE THUNDERSTORMS",2001,0,0
"1475","SEVERE TURBULENCE",1993,0,0
"1476","SLEET",1995,2,0
"1477","SLEET",2000,0,0
"1478","SLEET",2006,0,0
"1479","SLEET",2007,0,0
"1480","SLEET",2008,0,0
"1481","SLEET",2009,0,0
"1482","SLEET",2010,0,0
"1483","SLEET",2011,0,0
"1484","SLEET & FREEZING RAIN",1994,0,0
"1485","SLEET STORM",2003,0,0
"1486","SLEET STORM",2004,0,0
"1487","SLEET STORM",2005,0,0
"1488","SLEET/FREEZING RAIN",1997,0,0
"1489","SLEET/ICE STORM",1994,0,0
"1490","SLEET/RAIN/SNOW",1993,0,0
"1491","SLEET/SNOW",1993,0,0
"1492","small hail",1996,0,0
"1493","Small Hail",1996,0,0
"1494","SMALL HAIL",1993,0,0
"1495","SMALL HAIL",1995,0,0
"1496","SMALL HAIL",1997,0,0
"1497","SMALL HAIL",1998,0,5
"1498","SMALL HAIL",1999,0,0
"1499","SMALL HAIL",2000,0,4
"1500","SMALL HAIL",2001,0,1
"1501","SMALL HAIL",2002,0,0
"1502","SMALL STREAM",1994,0,0
"1503","SMALL STREAM AND",1993,0,0
"1504","SMALL STREAM AND URBAN FLOOD",1994,0,0
"1505","SMALL STREAM AND URBAN FLOODIN",1994,0,0
"1506","SMALL STREAM FLOOD",1993,0,0
"1507","SMALL STREAM FLOOD",1994,0,0
"1508","SMALL STREAM FLOOD",1995,0,0
"1509","SMALL STREAM FLOODING",1994,0,0
"1510","SMALL STREAM FLOODING",1995,0,0
"1511","SMALL STREAM URBAN FLOOD",1995,0,0
"1512","SMALL STREAM/URBAN FLOOD",1993,0,0
"1513","SMALL STREAM/URBAN FLOOD",1994,0,0
"1514","SMALL STREAM/URBAN FLOOD",1995,0,0
"1515","Sml Stream Fld",1996,0,0
"1516","SMOKE",2001,0,0
"1517","SMOKE",2002,0,0
"1518","Snow",1996,0,2
"1519","Snow",1997,0,0
"1520","SNOW",1993,0,3
"1521","SNOW",1994,1,10
"1522","SNOW",1995,2,6
"1523","SNOW",1996,0,1
"1524","SNOW",1997,1,3
"1525","SNOW",1998,0,0
"1526","SNOW",1999,0,3
"1527","SNOW",2000,0,0
"1528","SNOW",2001,1,3
"1529","SNOW",2002,0,0
"1530","SNOW",2003,0,0
"1531","SNOW- HIGH WIND- WIND CHILL",1995,0,0
"1532","Snow Accumulation",1996,0,0
"1533","SNOW ACCUMULATION",1994,0,0
"1534","SNOW ADVISORY",2001,0,0
"1535","SNOW AND COLD",1993,0,0
"1536","SNOW AND HEAVY SNOW",1993,0,0
"1537","SNOW AND HEAVY SNOW",1994,0,0
"1538","Snow and Ice",1996,0,0
"1539","SNOW AND ICE",1993,0,0
"1540","SNOW AND ICE",1995,3,1
"1541","SNOW AND ICE",1997,1,0
"1542","SNOW AND ICE",1999,0,0
"1543","SNOW AND ICE",2000,0,0
"1544","SNOW AND ICE STORM",1993,0,0
"1545","Snow and sleet",1997,0,0
"1546","SNOW AND SLEET",1999,0,0
"1547","SNOW AND WIND",1995,0,0
"1548","SNOW DROUGHT",1995,0,0
"1549","SNOW DROUGHT",1998,0,0
"1550","SNOW DROUGHT",2001,0,0
"1551","SNOW DROUGHT",2002,0,0
"1552","SNOW FREEZING RAIN",1995,0,0
"1553","SNOW SHOWERS",1995,0,0
"1554","SNOW SHOWERS",2001,0,0
"1555","SNOW SHOWERS",2002,0,0
"1556","SNOW SLEET",1993,0,0
"1557","SNOW SQUALL",1993,0,0
"1558","SNOW SQUALL",1994,0,0
"1559","SNOW SQUALL",1997,0,21
"1560","SNOW SQUALL",1998,2,14
"1561","Snow squalls",1996,0,0
"1562","Snow Squalls",1996,0,0
"1563","Snow Squalls",1997,1,0
"1564","SNOW SQUALLS",1993,0,0
"1565","SNOW SQUALLS",1994,0,0
"1566","SNOW SQUALLS",1995,0,0
"1567","SNOW SQUALLS",1997,0,0
"1568","SNOW SQUALLS",1998,0,0
"1569","SNOW SQUALLS",1999,0,0
"1570","SNOW SQUALLS",2000,0,0
"1571","SNOW SQUALLS",2002,0,0
"1572","SNOW/ BITTER COLD",1994,1,0
"1573","SNOW/ ICE",1993,0,0
"1574","SNOW/BLOWING SNOW",1994,0,0
"1575","SNOW/BLOWING SNOW",2000,0,0
"1576","SNOW/BLOWING SNOW",2001,0,0
"1577","SNOW/COLD",1993,0,0
"1578","SNOW/FREEZING RAIN",1994,0,0
"1579","SNOW/FREEZING RAIN",2000,0,0
"1580","SNOW/FREEZING RAIN",2001,0,0
"1581","SNOW/HEAVY SNOW",1994,0,0
"1582","SNOW/HIGH WINDS",1993,0,2
"1583","SNOW/HIGH WINDS",1994,0,34
"1584","SNOW/ICE",1993,0,0
"1585","SNOW/ICE",1995,0,0
"1586","SNOW/ICE",1997,0,0
"1587","SNOW/ICE STORM",1993,0,0
"1588","SNOW/ICE STORM",1994,0,0
"1589","SNOW/RAIN",1993,0,0
"1590","SNOW/RAIN/SLEET",1993,0,0
"1591","SNOW/SLEET",1994,0,0
"1592","SNOW/SLEET",1998,0,0
"1593","SNOW/SLEET",2001,0,0
"1594","SNOW/SLEET/FREEZING RAIN",1995,0,0
"1595","SNOW/SLEET/RAIN",1993,0,0
"1596","SNOW\COLD",1993,0,0
"1597","SNOWFALL RECORD",1994,0,0
"1598","SNOWMELT FLOODING",1994,0,0
"1599","SNOWMELT FLOODING",2001,0,0
"1600","SNOWSTORM",1993,0,0
"1601","SOUTHEAST",1995,0,0
"1602","STORM FORCE WINDS",1995,0,0
"1603","STORM SURGE",1993,11,1
"1604","STORM SURGE",1996,0,0
"1605","STORM SURGE",1997,0,27
"1606","STORM SURGE",1998,0,0
"1607","STORM SURGE",1999,2,6
"1608","STORM SURGE",2000,0,1
"1609","STORM SURGE",2001,0,1
"1610","STORM SURGE",2002,0,0
"1611","STORM SURGE",2003,0,1
"1612","STORM SURGE",2004,0,0
"1613","STORM SURGE",2005,0,1
"1614","STORM SURGE",2006,0,0
"1615","STORM SURGE/TIDE",2005,0,0
"1616","STORM SURGE/TIDE",2006,0,0
"1617","STORM SURGE/TIDE",2007,0,5
"1618","STORM SURGE/TIDE",2008,11,0
"1619","STORM SURGE/TIDE",2009,0,0
"1620","STORM SURGE/TIDE",2010,0,0
"1621","STORM SURGE/TIDE",2011,0,0
"1622","STREAM FLOODING",1993,0,0
"1623","STREET FLOOD",1995,0,0
"1624","STREET FLOODING",1996,0,0
"1625","STREET FLOODING",1999,0,0
"1626","Strong Wind",1996,0,0
"1627","Strong Wind",1997,0,0
"1628","STRONG WIND",1994,0,2
"1629","STRONG WIND",1995,0,0
"1630","STRONG WIND",1996,5,0
"1631","STRONG WIND",1997,1,13
"1632","STRONG WIND",1998,0,0
"1633","STRONG WIND",1999,0,2
"1634","STRONG WIND",2000,0,20
"1635","STRONG WIND",2001,0,8
"1636","STRONG WIND",2002,1,1
"1637","STRONG WIND",2003,9,29
"1638","STRONG WIND",2004,13,19
"1639","STRONG WIND",2005,5,29
"1640","STRONG WIND",2006,17,25
"1641","STRONG WIND",2007,7,21
"1642","STRONG WIND",2008,17,26
"1643","STRONG WIND",2009,10,24
"1644","STRONG WIND",2010,8,28
"1645","STRONG WIND",2011,10,33
"1646","STRONG WIND GUST",1997,0,0
"1647","Strong winds",1996,0,0
"1648","Strong Winds",1996,1,0
"1649","Strong Winds",1997,0,0
"1650","STRONG WINDS",1993,1,0
"1651","STRONG WINDS",1994,0,0
"1652","STRONG WINDS",1995,0,0
"1653","STRONG WINDS",1997,0,1
"1654","STRONG WINDS",1998,2,10
"1655","STRONG WINDS",1999,1,7
"1656","STRONG WINDS",2000,1,1
"1657","STRONG WINDS",2001,1,0
"1658","STRONG WINDS",2002,1,2
"1659","Summary August 10",1996,0,0
"1660","Summary August 11",1996,0,0
"1661","Summary August 17",1996,0,0
"1662","Summary August 2-3",1996,0,0
"1663","Summary August 21",1996,0,0
"1664","Summary August 28",1996,0,0
"1665","Summary August 4",1996,0,0
"1666","Summary August 7",1996,0,0
"1667","Summary August 9",1996,0,0
"1668","Summary Jan 17",1996,0,0
"1669","Summary July 23-24",1996,0,0
"1670","Summary June 18-19",1996,0,0
"1671","Summary June 5-6",1996,0,0
"1672","Summary June 6",1996,0,0
"1673","Summary of April 12",1996,0,0
"1674","Summary of April 13",1996,0,0
"1675","Summary of April 21",1996,0,0
"1676","Summary of April 27",1996,0,0
"1677","Summary of April 3rd",1996,0,0
"1678","Summary of August 1",1996,0,0
"1679","Summary of July 11",1996,0,0
"1680","Summary of July 2",1996,0,0
"1681","Summary of July 22",1996,0,0
"1682","Summary of July 26",1996,0,0
"1683","Summary of July 29",1996,0,0
"1684","Summary of July 3",1996,0,0
"1685","Summary of June 10",1996,0,0
"1686","Summary of June 11",1996,0,0
"1687","Summary of June 12",1996,0,0
"1688","Summary of June 13",1996,0,0
"1689","Summary of June 15",1996,0,0
"1690","Summary of June 16",1996,0,0
"1691","Summary of June 18",1996,0,0
"1692","Summary of June 23",1996,0,0
"1693","Summary of June 24",1996,0,0
"1694","Summary of June 3",1996,0,0
"1695","Summary of June 30",1996,0,0
"1696","Summary of June 4",1996,0,0
"1697","Summary of June 6",1996,0,0
"1698","Summary of March 14",1996,0,0
"1699","Summary of March 23",1996,0,0
"1700","Summary of March 24",1996,0,0
"1701","SUMMARY OF MARCH 24-25",1997,0,0
"1702","SUMMARY OF MARCH 27",1997,0,0
"1703","SUMMARY OF MARCH 29",1997,0,0
"1704","Summary of May 10",1996,0,0
"1705","Summary of May 13",1996,0,0
"1706","Summary of May 14",1996,0,0
"1707","Summary of May 22",1996,0,0
"1708","Summary of May 22 am",1996,0,0
"1709","Summary of May 22 pm",1996,0,0
"1710","Summary of May 26 am",1996,0,0
"1711","Summary of May 26 pm",1996,0,0
"1712","Summary of May 31 am",1996,0,0
"1713","Summary of May 31 pm",1996,0,0
"1714","Summary of May 9-10",1996,0,0
"1715","Summary Sept. 25-26",1996,0,0
"1716","Summary September 20",1996,0,0
"1717","Summary September 23",1996,0,0
"1718","Summary September 3",1996,0,0
"1719","Summary September 4",1996,0,0
"1720","Summary: Nov. 16",1996,0,0
"1721","Summary: Nov. 6-7",1996,0,0
"1722","Summary: Oct. 20-21",1996,0,0
"1723","Summary: October 31",1996,0,0
"1724","Summary: Sept. 18",1996,0,0
"1725","Temperature record",1996,0,0
"1726","Temperature record",1997,0,0
"1727","THUDERSTORM WINDS",1993,0,0
"1728","THUDERSTORM WINDS",1995,0,0
"1729","THUNDEERSTORM WINDS",1995,0,0
"1730","THUNDERESTORM WINDS",1995,0,0
"1731","THUNDERSNOW",1995,1,1
"1732","Thundersnow shower",1997,0,0
"1733","THUNDERSTORM",1993,0,0
"1734","THUNDERSTORM",1994,0,0
"1735","THUNDERSTORM",1995,0,11
"1736","THUNDERSTORM",1997,0,1
"1737","THUNDERSTORM",1999,0,0
"1738","THUNDERSTORM",2000,0,0
"1739","THUNDERSTORM",2001,1,0
"1740","THUNDERSTORM",2002,0,0
"1741","THUNDERSTORM  WINDS",1994,0,0
"1742","THUNDERSTORM  WINDS",1995,0,10
"1743","THUNDERSTORM DAMAGE",1995,0,0
"1744","THUNDERSTORM DAMAGE TO",1995,0,0
"1745","THUNDERSTORM HAIL",1994,0,0
"1746","THUNDERSTORM W INDS",1995,0,0
"1747","Thunderstorm Wind",1996,0,0
"1748","THUNDERSTORM WIND",1993,0,12
"1749","THUNDERSTORM WIND",1994,2,50
"1750","THUNDERSTORM WIND",1995,1,26
"1751","THUNDERSTORM WIND",2006,0,9
"1752","THUNDERSTORM WIND",2007,16,254
"1753","THUNDERSTORM WIND",2008,25,253
"1754","THUNDERSTORM WIND",2009,20,188
"1755","THUNDERSTORM WIND",2010,15,323
"1756","THUNDERSTORM WIND",2011,54,373
"1757","THUNDERSTORM WIND (G40)",2000,1,0
"1758","THUNDERSTORM WIND 50",1995,0,0
"1759","THUNDERSTORM WIND 52",1995,0,0
"1760","THUNDERSTORM WIND 56",1995,0,0
"1761","THUNDERSTORM WIND 59",1995,0,0
"1762","THUNDERSTORM WIND 59 MPH",1995,0,0
"1763","THUNDERSTORM WIND 59 MPH.",1995,0,0
"1764","THUNDERSTORM WIND 60 MPH",1995,0,0
"1765","THUNDERSTORM WIND 65 MPH",1995,0,0
"1766","THUNDERSTORM WIND 65MPH",1995,0,0
"1767","THUNDERSTORM WIND 69",1995,0,0
"1768","THUNDERSTORM WIND 98 MPH",1995,0,0
"1769","THUNDERSTORM WIND G50",1994,0,0
"1770","THUNDERSTORM WIND G50",1995,0,0
"1771","THUNDERSTORM WIND G51",1995,0,0
"1772","THUNDERSTORM WIND G52",1995,1,0
"1773","THUNDERSTORM WIND G55",1995,0,0
"1774","THUNDERSTORM WIND G60",1995,0,0
"1775","THUNDERSTORM WIND G61",1995,0,0
"1776","THUNDERSTORM WIND TREES",1995,0,0
"1777","THUNDERSTORM WIND.",1995,0,0
"1778","THUNDERSTORM WIND/ TREE",1995,0,0
"1779","THUNDERSTORM WIND/ TREES",1995,0,0
"1780","THUNDERSTORM WIND/AWNING",1995,0,0
"1781","THUNDERSTORM WIND/HAIL",1994,0,0
"1782","THUNDERSTORM WIND/LIGHTNING",1995,0,0
"1783","THUNDERSTORM WINDS",1993,13,181
"1784","THUNDERSTORM WINDS",1994,13,283
"1785","THUNDERSTORM WINDS",1995,38,444
"1786","THUNDERSTORM WINDS      LE CEN",1994,0,0
"1787","THUNDERSTORM WINDS 13",1994,0,1
"1788","THUNDERSTORM WINDS 2",1995,0,0
"1789","THUNDERSTORM WINDS 50",1994,0,0
"1790","THUNDERSTORM WINDS 52",1994,0,0
"1791","THUNDERSTORM WINDS 53",1994,0,0
"1792","THUNDERSTORM WINDS 60",1994,0,0
"1793","THUNDERSTORM WINDS 61",1995,0,0
"1794","THUNDERSTORM WINDS 62",1994,0,0
"1795","THUNDERSTORM WINDS 63 MPH",1995,0,0
"1796","THUNDERSTORM WINDS AND",1995,0,0
"1797","THUNDERSTORM WINDS FUNNEL CLOU",1995,0,0
"1798","THUNDERSTORM WINDS G",1995,0,0
"1799","THUNDERSTORM WINDS G60",1995,0,0
"1800","THUNDERSTORM WINDS HAIL",1995,0,0
"1801","THUNDERSTORM WINDS HEAVY RAIN",1995,0,0
"1802","THUNDERSTORM WINDS LIGHTNING",1995,0,0
"1803","THUNDERSTORM WINDS SMALL STREA",1995,0,0
"1804","THUNDERSTORM WINDS URBAN FLOOD",1995,0,0
"1805","THUNDERSTORM WINDS.",1993,0,0
"1806","THUNDERSTORM WINDS.",1995,0,0
"1807","THUNDERSTORM WINDS/ FLOOD",1995,0,0
"1808","THUNDERSTORM WINDS/ HAIL",1995,0,0
"1809","THUNDERSTORM WINDS/FLASH FLOOD",1995,0,0
"1810","THUNDERSTORM WINDS/FLOODING",1994,0,0
"1811","THUNDERSTORM WINDS/FUNNEL CLOU",1994,0,0
"1812","THUNDERSTORM WINDS/HAIL",1994,0,1
"1813","THUNDERSTORM WINDS/HAIL",1995,0,0
"1814","THUNDERSTORM WINDS/HEAVY RAIN",1995,0,0
"1815","THUNDERSTORM WINDS53",1995,0,0
"1816","THUNDERSTORM WINDSHAIL",1995,0,0
"1817","THUNDERSTORM WINDSS",1993,0,0
"1818","THUNDERSTORM WINDSS",1994,0,0
"1819","THUNDERSTORM WINDSS",1995,0,4
"1820","THUNDERSTORM WINS",1995,0,0
"1821","THUNDERSTORMS",1993,0,0
"1822","THUNDERSTORMS",1996,0,0
"1823","THUNDERSTORMS",2000,0,0
"1824","THUNDERSTORMS",2001,0,0
"1825","THUNDERSTORMS WIND",1994,0,0
"1826","THUNDERSTORMS WIND",1995,0,0
"1827","THUNDERSTORMS WINDS",1993,0,1
"1828","THUNDERSTORMS WINDS",1994,0,0
"1829","THUNDERSTORMS WINDS",1995,0,0
"1830","THUNDERSTORMW",1995,0,27
"1831","THUNDERSTORMW 50",1995,0,0
"1832","THUNDERSTORMW WINDS",1994,0,0
"1833","THUNDERSTORMWINDS",1993,0,0
"1834","THUNDERSTROM WIND",1994,0,0
"1835","THUNDERSTROM WINDS",1993,0,0
"1836","THUNDERSTROM WINDS",1995,0,0
"1837","THUNDERTORM WINDS",1995,1,0
"1838","THUNDERTSORM WIND",1994,0,0
"1839","THUNDESTORM WINDS",1995,0,0
"1840","THUNERSTORM WINDS",1995,0,0
"1841","TIDAL FLOOD",1993,0,0
"1842","Tidal Flooding",1996,0,0
"1843","TIDAL FLOODING",1996,0,1
"1844","TIDAL FLOODING",1998,0,0
"1845","TIDAL FLOODING",1999,0,0
"1846","TIDAL FLOODING",2000,0,0
"1847","TORNADO",1950,70,659
"1848","TORNADO",1951,34,524
"1849","TORNADO",1952,230,1915
"1850","TORNADO",1953,519,5131
"1851","TORNADO",1954,36,715
"1852","TORNADO",1955,129,926
"1853","TORNADO",1956,83,1355
"1854","TORNADO",1957,193,1976
"1855","TORNADO",1958,67,535
"1856","TORNADO",1959,58,734
"1857","TORNADO",1960,46,737
"1858","TORNADO",1961,52,1087
"1859","TORNADO",1962,30,551
"1860","TORNADO",1963,31,538
"1861","TORNADO",1964,73,1148
"1862","TORNADO",1965,301,5197
"1863","TORNADO",1966,98,2030
"1864","TORNADO",1967,114,2144
"1865","TORNADO",1968,131,2522
"1866","TORNADO",1969,66,1311
"1867","TORNADO",1970,73,1355
"1868","TORNADO",1971,159,2723
"1869","TORNADO",1972,27,976
"1870","TORNADO",1973,89,2406
"1871","TORNADO",1974,366,6824
"1872","TORNADO",1975,60,1457
"1873","TORNADO",1976,44,1195
"1874","TORNADO",1977,43,771
"1875","TORNADO",1978,53,919
"1876","TORNADO",1979,84,3014
"1877","TORNADO",1980,28,1157
"1878","TORNADO",1981,24,798
"1879","TORNADO",1982,64,1276
"1880","TORNADO",1983,34,756
"1881","TORNADO",1984,122,2499
"1882","TORNADO",1985,94,1299
"1883","TORNADO",1986,15,536
"1884","TORNADO",1987,59,1018
"1885","TORNADO",1988,32,688
"1886","TORNADO",1989,50,1270
"1887","TORNADO",1990,53,1177
"1888","TORNADO",1991,39,864
"1889","TORNADO",1992,39,1323
"1890","TORNADO",1993,28,739
"1891","TORNADO",1994,48,806
"1892","TORNADO",1995,34,1098
"1893","TORNADO",1996,26,705
"1894","TORNADO",1997,68,1033
"1895","TORNADO",1998,130,1874
"1896","TORNADO",1999,94,1842
"1897","TORNADO",2000,41,882
"1898","TORNADO",2001,40,743
"1899","TORNADO",2002,55,968
"1900","TORNADO",2003,54,1087
"1901","TORNADO",2004,35,396
"1902","TORNADO",2005,38,537
"1903","TORNADO",2006,67,992
"1904","TORNADO",2007,81,659
"1905","TORNADO",2008,129,1690
"1906","TORNADO",2009,21,397
"1907","TORNADO",2010,45,699
"1908","TORNADO",2011,587,6163
"1909","TORNADO DEBRIS",2002,0,0
"1910","TORNADO F0",1995,0,0
"1911","TORNADO F1",1995,0,0
"1912","TORNADO F2",1995,0,16
"1913","TORNADO F3",1995,0,2
"1914","TORNADO/WATERSPOUT",1995,0,0
"1915","TORNADOES",1994,0,0
"1916","TORNADOES, TSTM WIND, HAIL",1993,25,0
"1917","TORNADOS",1995,0,0
"1918","TORNDAO",1994,0,0
"1919","TORRENTIAL RAIN",1995,0,0
"1920","Torrential Rainfall",1996,0,4
"1921","TROPICAL DEPRESSION",1998,0,0
"1922","TROPICAL DEPRESSION",2003,0,0
"1923","TROPICAL DEPRESSION",2004,0,0
"1924","TROPICAL DEPRESSION",2005,0,0
"1925","TROPICAL DEPRESSION",2007,0,0
"1926","TROPICAL DEPRESSION",2008,0,0
"1927","TROPICAL DEPRESSION",2009,0,0
"1928","TROPICAL STORM",1993,0,0
"1929","TROPICAL STORM",1994,1,2
"1930","TROPICAL STORM",1995,0,0
"1931","TROPICAL STORM",1996,1,3
"1932","TROPICAL STORM",1997,0,0
"1933","TROPICAL STORM",1998,5,68
"1934","TROPICAL STORM",1999,1,0
"1935","TROPICAL STORM",2000,0,0
"1936","TROPICAL STORM",2001,23,6
"1937","TROPICAL STORM",2002,1,4
"1938","TROPICAL STORM",2003,8,230
"1939","TROPICAL STORM",2004,11,1
"1940","TROPICAL STORM",2005,0,11
"1941","TROPICAL STORM",2006,0,1
"1942","TROPICAL STORM",2007,0,0
"1943","TROPICAL STORM",2008,2,13
"1944","TROPICAL STORM",2009,1,0
"1945","TROPICAL STORM",2010,0,0
"1946","TROPICAL STORM",2011,4,1
"1947","TROPICAL STORM ALBERTO",1994,0,0
"1948","TROPICAL STORM DEAN",1995,0,0
"1949","TROPICAL STORM GORDON",1994,8,43
"1950","TROPICAL STORM JERRY",1995,0,0
"1951","TSTM",1998,0,0
"1952","TSTM HEAVY RAIN",1997,0,0
"1953","Tstm Wind",1996,0,0
"1954","TSTM WIND",1955,0,0
"1955","TSTM WIND",1956,0,0
"1956","TSTM WIND",1957,0,0
"1957","TSTM WIND",1958,0,0
"1958","TSTM WIND",1959,0,0
"1959","TSTM WIND",1960,0,0
"1960","TSTM WIND",1961,0,0
"1961","TSTM WIND",1962,0,0
"1962","TSTM WIND",1963,0,0
"1963","TSTM WIND",1964,0,0
"1964","TSTM WIND",1965,0,0
"1965","TSTM WIND",1966,0,0
"1966","TSTM WIND",1967,0,0
"1967","TSTM WIND",1968,0,0
"1968","TSTM WIND",1969,0,0
"1969","TSTM WIND",1970,0,0
"1970","TSTM WIND",1971,0,0
"1971","TSTM WIND",1972,0,0
"1972","TSTM WIND",1973,0,0
"1973","TSTM WIND",1974,0,0
"1974","TSTM WIND",1975,0,0
"1975","TSTM WIND",1976,0,0
"1976","TSTM WIND",1977,0,0
"1977","TSTM WIND",1978,0,0
"1978","TSTM WIND",1979,0,0
"1979","TSTM WIND",1980,0,0
"1980","TSTM WIND",1981,0,0
"1981","TSTM WIND",1982,0,0
"1982","TSTM WIND",1983,3,60
"1983","TSTM WIND",1984,38,283
"1984","TSTM WIND",1985,18,196
"1985","TSTM WIND",1986,36,309
"1986","TSTM WIND",1987,30,371
"1987","TSTM WIND",1988,23,334
"1988","TSTM WIND",1989,29,382
"1989","TSTM WIND",1990,42,581
"1990","TSTM WIND",1991,30,487
"1991","TSTM WIND",1992,14,323
"1992","TSTM WIND",1993,0,0
"1993","TSTM WIND",1994,0,1
"1994","TSTM WIND",1995,0,1
"1995","TSTM WIND",1996,22,324
"1996","TSTM WIND",1997,37,415
"1997","TSTM WIND",1998,38,816
"1998","TSTM WIND",1999,28,321
"1999","TSTM WIND",2000,24,275
"2000","TSTM WIND",2001,15,332
"2001","TSTM WIND",2002,16,262
"2002","TSTM WIND",2003,17,224
"2003","TSTM WIND",2004,16,243
"2004","TSTM WIND",2005,15,185
"2005","TSTM WIND",2006,13,232
"2006","TSTM WIND  (G45)",1998,0,0
"2007","TSTM WIND (41)",1997,0,0
"2008","TSTM WIND (G35)",1998,1,0
"2009","TSTM WIND (G40)",1997,0,0
"2010","TSTM WIND (G40)",1998,0,1
"2011","TSTM WIND (G40)",1999,0,0
"2012","TSTM WIND (G40)",2000,0,0
"2013","TSTM WIND (G45)",1997,0,0
"2014","TSTM WIND (G45)",1998,0,0
"2015","TSTM WIND (G45)",1999,0,0
"2016","TSTM WIND (G45)",2000,0,3
"2017","TSTM WIND 40",1997,0,0
"2018","TSTM WIND 45",1997,0,0
"2019","TSTM WIND 50",1995,0,0
"2020","TSTM WIND 51",1995,0,0
"2021","TSTM WIND 52",1995,0,0
"2022","TSTM WIND 55",1995,0,0
"2023","TSTM WIND 65)",1995,0,0
"2024","TSTM WIND AND LIGHTNING",1997,0,0
"2025","TSTM WIND DAMAGE",1995,0,0
"2026","TSTM WIND G45",2000,0,0
"2027","TSTM WIND G58",1995,0,0
"2028","TSTM WIND/HAIL",1996,0,11
"2029","TSTM WIND/HAIL",1997,0,8
"2030","TSTM WIND/HAIL",1998,2,38
"2031","TSTM WIND/HAIL",1999,1,4
"2032","TSTM WIND/HAIL",2000,0,5
"2033","TSTM WIND/HAIL",2001,1,10
"2034","TSTM WIND/HAIL",2002,1,19
"2035","TSTM WIND/HAIL",2003,0,0
"2036","TSTM WINDS",1995,0,0
"2037","TSTM WINDS",1998,0,0
"2038","TSTM WND",1997,0,0
"2039","TSTMW",1994,0,0
"2040","TSUNAMI",2006,0,0
"2041","TSUNAMI",2009,32,129
"2042","TSUNAMI",2010,0,0
"2043","TSUNAMI",2011,1,0
"2044","TUNDERSTORM WIND",1995,0,0
"2045","TYPHOON",1997,0,5
"2046","Unseasonable Cold",1996,0,0
"2047","UNSEASONABLY COLD",1995,2,0
"2048","UNSEASONABLY COLD",1997,0,0
"2049","UNSEASONABLY COLD",1998,0,0
"2050","UNSEASONABLY COLD",2000,0,0
"2051","UNSEASONABLY COLD",2001,0,0
"2052","UNSEASONABLY COLD",2002,0,0
"2053","UNSEASONABLY COLD",2003,0,0
"2054","UNSEASONABLY COOL",1997,0,0
"2055","UNSEASONABLY COOL",2000,0,0
"2056","UNSEASONABLY COOL",2001,0,0
"2057","UNSEASONABLY COOL",2002,0,0
"2058","UNSEASONABLY COOL & WET",2000,0,0
"2059","UNSEASONABLY DRY",1995,0,0
"2060","UNSEASONABLY DRY",1997,0,0
"2061","UNSEASONABLY DRY",1998,0,0
"2062","UNSEASONABLY DRY",1999,0,0
"2063","UNSEASONABLY DRY",2000,0,0
"2064","UNSEASONABLY DRY",2001,0,0
"2065","UNSEASONABLY DRY",2002,0,0
"2066","UNSEASONABLY HOT",1998,0,0
"2067","UNSEASONABLY HOT",1999,0,0
"2068","UNSEASONABLY HOT",2001,0,0
"2069","UNSEASONABLY WARM",1994,0,0
"2070","UNSEASONABLY WARM",1995,11,0
"2071","UNSEASONABLY WARM",1997,0,0
"2072","UNSEASONABLY WARM",1998,0,0
"2073","UNSEASONABLY WARM",1999,0,16
"2074","UNSEASONABLY WARM",2000,0,1
"2075","UNSEASONABLY WARM",2001,0,0
"2076","UNSEASONABLY WARM",2002,0,0
"2077","UNSEASONABLY WARM & WET",2000,0,0
"2078","UNSEASONABLY WARM AND DRY",1995,29,0
"2079","UNSEASONABLY WARM AND DRY",1998,0,0
"2080","UNSEASONABLY WARM AND DRY",1999,0,0
"2081","UNSEASONABLY WARM YEAR",1998,0,0
"2082","UNSEASONABLY WARM/WET",2000,0,0
"2083","UNSEASONABLY WET",1995,0,0
"2084","UNSEASONABLY WET",1998,0,0
"2085","UNSEASONABLY WET",1999,0,0
"2086","UNSEASONABLY WET",2000,0,0
"2087","UNSEASONAL LOW TEMP",2000,0,0
"2088","UNSEASONAL RAIN",1998,0,0
"2089","UNSEASONAL RAIN",1999,0,0
"2090","UNUSUAL WARMTH",1998,0,0
"2091","UNUSUAL/RECORD WARMTH",1998,0,0
"2092","UNUSUALLY COLD",2000,0,0
"2093","UNUSUALLY COLD",2002,0,0
"2094","UNUSUALLY LATE SNOW",2001,0,0
"2095","UNUSUALLY WARM",2000,0,0
"2096","URBAN AND SMALL",1993,0,0
"2097","URBAN AND SMALL STREAM",1995,0,0
"2098","URBAN AND SMALL STREAM FLOOD",1993,0,0
"2099","URBAN AND SMALL STREAM FLOOD",1995,0,0
"2100","URBAN AND SMALL STREAM FLOODIN",1995,1,0
"2101","Urban flood",1996,0,0
"2102","Urban Flood",1996,0,0
"2103","URBAN FLOOD",1993,0,0
"2104","URBAN FLOOD",1994,0,0
"2105","URBAN FLOOD",1995,0,0
"2106","URBAN FLOOD",1998,0,0
"2107","URBAN FLOOD LANDSLIDE",1995,0,0
"2108","Urban Flooding",1996,0,0
"2109","URBAN FLOODING",1994,0,0
"2110","URBAN FLOODING",1995,0,0
"2111","URBAN FLOODS",1994,0,0
"2112","URBAN SMALL",1994,0,0
"2113","URBAN SMALL STREAM FLOOD",1994,0,0
"2114","URBAN/SMALL",1993,0,0
"2115","URBAN/SMALL FLOODING",1993,0,0
"2116","URBAN/SMALL STREAM",1994,0,0
"2117","URBAN/SMALL STREAM",1995,0,0
"2118","URBAN/SMALL STREAM  FLOOD",1995,0,0
"2119","URBAN/SMALL STREAM FLOOD",1994,0,0
"2120","URBAN/SMALL STREAM FLOOD",1995,0,0
"2121","URBAN/SMALL STREAM FLOODING",1994,0,0
"2122","URBAN/SMALL STREAM FLOODING",1995,0,0
"2123","URBAN/SMALL STRM FLDG",1997,0,0
"2124","URBAN/SML STREAM FLD",1996,6,32
"2125","URBAN/SML STREAM FLD",1997,3,2
"2126","URBAN/SML STREAM FLD",1998,4,6
"2127","URBAN/SML STREAM FLD",1999,3,11
"2128","URBAN/SML STREAM FLD",2000,5,9
"2129","URBAN/SML STREAM FLD",2001,2,6
"2130","URBAN/SML STREAM FLD",2002,4,9
"2131","URBAN/SML STREAM FLD",2003,1,4
"2132","URBAN/SML STREAM FLDG",1997,0,0
"2133","URBAN/STREET FLOODING",1998,0,0
"2134","VERY DRY",2001,0,0
"2135","VERY WARM",2002,0,0
"2136","VOG",1999,0,0
"2137","Volcanic Ash",1996,0,0
"2138","VOLCANIC ASH",1997,0,0
"2139","VOLCANIC ASH",2001,0,0
"2140","VOLCANIC ASH",2002,0,0
"2141","VOLCANIC ASH",2003,0,0
"2142","VOLCANIC ASH",2004,0,0
"2143","VOLCANIC ASH",2005,0,0
"2144","VOLCANIC ASH",2006,0,0
"2145","Volcanic Ash Plume",1996,0,0
"2146","VOLCANIC ASHFALL",2007,0,0
"2147","VOLCANIC ASHFALL",2008,0,0
"2148","VOLCANIC ERUPTION",1999,0,0
"2149","WAKE LOW WIND",1998,0,0
"2150","WALL CLOUD",1993,0,0
"2151","WALL CLOUD",1994,0,0
"2152","WALL CLOUD",1995,0,0
"2153","WALL CLOUD",2000,0,0
"2154","WALL CLOUD/FUNNEL CLOUD",1995,0,0
"2155","WARM DRY CONDITIONS",1995,0,0
"2156","WARM WEATHER",2000,0,2
"2157","WATER SPOUT",1994,0,0
"2158","WATERSPOUT",1993,1,0
"2159","WATERSPOUT",1994,0,0
"2160","WATERSPOUT",1995,0,27
"2161","WATERSPOUT",1996,0,0
"2162","WATERSPOUT",1997,0,1
"2163","WATERSPOUT",1998,0,0
"2164","WATERSPOUT",1999,0,0
"2165","WATERSPOUT",2000,2,0
"2166","WATERSPOUT",2001,0,0
"2167","WATERSPOUT",2002,0,1
"2168","WATERSPOUT",2003,0,0
"2169","WATERSPOUT",2004,0,0
"2170","WATERSPOUT",2005,0,0
"2171","WATERSPOUT",2006,0,0
"2172","WATERSPOUT",2007,0,0
"2173","WATERSPOUT",2008,0,0
"2174","WATERSPOUT",2009,0,0
"2175","WATERSPOUT",2010,0,0
"2176","WATERSPOUT",2011,0,0
"2177","WATERSPOUT-",1993,0,0
"2178","WATERSPOUT-",1994,0,0
"2179","WATERSPOUT-TORNADO",1995,0,0
"2180","WATERSPOUT FUNNEL CLOUD",1995,0,0
"2181","WATERSPOUT TORNADO",1995,0,1
"2182","WATERSPOUT/",1994,0,0
"2183","WATERSPOUT/ TORNADO",1995,0,0
"2184","WATERSPOUT/TORNADO",1993,3,39
"2185","WATERSPOUT/TORNADO",1994,0,0
"2186","WATERSPOUT/TORNADO",1995,0,3
"2187","WATERSPOUTS",1993,0,0
"2188","WATERSPOUTS",1994,0,0
"2189","WATERSPOUTS",1995,0,0
"2190","WATERSPOUTS",1997,0,0
"2191","WAYTERSPOUT",1993,0,0
"2192","wet micoburst",1996,0,0
"2193","WET MICROBURST",1995,0,0
"2194","WET MICROBURST",1997,0,0
"2195","WET MICROBURST",1998,0,0
"2196","Wet Month",1996,0,0
"2197","WET SNOW",1995,0,0
"2198","WET WEATHER",1995,0,0
"2199","Wet Year",1996,0,0
"2200","Whirlwind",1996,1,0
"2201","WHIRLWIND",2002,0,0
"2202","WILD FIRES",1993,3,150
"2203","WILD FIRES",1994,0,0
"2204","WILD FIRES",1995,0,0
"2205","WILD/FOREST FIRE",1994,0,0
"2206","WILD/FOREST FIRE",1995,0,0
"2207","WILD/FOREST FIRE",1996,0,33
"2208","WILD/FOREST FIRE",1997,1,7
"2209","WILD/FOREST FIRE",1998,0,92
"2210","WILD/FOREST FIRE",1999,2,127
"2211","WILD/FOREST FIRE",2000,3,100
"2212","WILD/FOREST FIRE",2001,5,46
"2213","WILD/FOREST FIRE",2002,1,138
"2214","WILD/FOREST FIRE",2003,0,2
"2215","WILD/FOREST FIRES",1995,0,0
"2216","WILDFIRE",1994,0,0
"2217","WILDFIRE",1995,0,0
"2218","WILDFIRE",2002,0,0
"2219","WILDFIRE",2003,24,249
"2220","WILDFIRE",2004,0,63
"2221","WILDFIRE",2005,6,82
"2222","WILDFIRE",2006,15,92
"2223","WILDFIRE",2007,17,185
"2224","WILDFIRE",2008,3,32
"2225","WILDFIRE",2009,2,68
"2226","WILDFIRE",2010,2,24
"2227","WILDFIRE",2011,6,116
"2228","WILDFIRES",1994,0,0
"2229","WILDFIRES",1995,0,0
"2230","Wind",1996,0,0
"2231","WIND",1993,3,2
"2232","WIND",1994,0,0
"2233","WIND",1995,2,0
"2234","WIND",1996,0,0
"2235","WIND",1997,4,12
"2236","WIND",1998,2,6
"2237","WIND",1999,3,12
"2238","WIND",2000,2,14
"2239","WIND",2001,0,19
"2240","WIND",2002,7,21
"2241","WIND ADVISORY",1999,0,0
"2242","WIND ADVISORY",2001,0,0
"2243","WIND ADVISORY",2002,0,0
"2244","WIND AND WAVE",1999,0,0
"2245","WIND CHILL",1993,0,0
"2246","WIND CHILL",1994,0,0
"2247","WIND CHILL",1995,0,0
"2248","WIND CHILL",2002,0,0
"2249","WIND CHILL/HIGH WIND",1995,0,0
"2250","Wind Damage",1996,0,0
"2251","WIND DAMAGE",1993,0,0
"2252","WIND DAMAGE",1994,0,0
"2253","WIND DAMAGE",1995,0,0
"2254","WIND DAMAGE",1997,0,0
"2255","WIND DAMAGE",1998,0,0
"2256","WIND DAMAGE",1999,0,0
"2257","WIND DAMAGE",2001,0,0
"2258","WIND GUSTS",2000,0,0
"2259","WIND STORM",1995,1,0
"2260","WIND/HAIL",1994,0,0
"2261","WINDS",1993,0,0
"2262","WINDS",1994,0,1
"2263","WINDS",1995,0,0
"2264","WINDS",1996,1,0
"2265","WINDS",1999,0,0
"2266","WINTER MIX",1993,0,0
"2267","WINTER MIX",1999,0,0
"2268","WINTER STORM",1993,11,23
"2269","WINTER STORM",1994,0,0
"2270","WINTER STORM",1995,4,6
"2271","WINTER STORM",1996,24,250
"2272","WINTER STORM",1997,25,201
"2273","WINTER STORM",1998,21,157
"2274","WINTER STORM",1999,17,248
"2275","WINTER STORM",2000,28,115
"2276","WINTER STORM",2001,7,77
"2277","WINTER STORM",2002,9,99
"2278","WINTER STORM",2003,16,52
"2279","WINTER STORM",2004,9,16
"2280","WINTER STORM",2005,15,19
"2281","WINTER STORM",2006,9,14
"2282","WINTER STORM",2007,3,2
"2283","WINTER STORM",2008,0,4
"2284","WINTER STORM",2009,1,34
"2285","WINTER STORM",2010,6,4
"2286","WINTER STORM",2011,1,0
"2287","WINTER STORM HIGH WINDS",1995,1,15
"2288","WINTER STORM/HIGH WIND",1995,0,0
"2289","WINTER STORM/HIGH WINDS",1995,0,0
"2290","WINTER STORMS",1993,10,17
"2291","Winter Weather",1996,0,0
"2292","Winter Weather",1997,0,0
"2293","WINTER WEATHER",1993,0,0
"2294","WINTER WEATHER",1995,0,55
"2295","WINTER WEATHER",1996,0,0
"2296","WINTER WEATHER",1997,0,0
"2297","WINTER WEATHER",1998,0,0
"2298","WINTER WEATHER",1999,0,0
"2299","WINTER WEATHER",2000,0,0
"2300","WINTER WEATHER",2001,0,0
"2301","WINTER WEATHER",2002,0,0
"2302","WINTER WEATHER",2005,0,0
"2303","WINTER WEATHER",2006,3,19
"2304","WINTER WEATHER",2007,4,156
"2305","WINTER WEATHER",2008,11,77
"2306","WINTER WEATHER",2009,10,86
"2307","WINTER WEATHER",2010,3,5
"2308","WINTER WEATHER",2011,2,0
"2309","WINTER WEATHER MIX",2001,0,65
"2310","WINTER WEATHER MIX",2002,0,3
"2311","WINTER WEATHER/MIX",2002,0,0
"2312","WINTER WEATHER/MIX",2003,4,12
"2313","WINTER WEATHER/MIX",2004,15,21
"2314","WINTER WEATHER/MIX",2005,9,36
"2315","WINTER WEATHER/MIX",2006,0,3
"2316","WINTERY MIX",1998,0,0
"2317","Wintry mix",1997,0,0
"2318","Wintry Mix",1996,0,0
"2319","WINTRY MIX",1995,0,0
"2320","WINTRY MIX",1997,0,0
"2321","WINTRY MIX",1998,0,5
"2322","WINTRY MIX",1999,1,72
"2323","WINTRY MIX",2000,0,0
"2324","WINTRY MIX",2001,0,0
"2325","WINTRY MIX",2002,0,0
"2326","WND",2001,0,0
